time,deviceName,temperature,humidity,pressure_hPa,battery_mV,rssi,snr
2025-11-14 00:00:01,NodoTest2,22.97,59.65,1006.0,20.0,-102,10.5
2025-11-14 00:00:01,NodoTest2,22.97,59.65,1006.0,20.0,-102,10.5
2025-11-14 00:01:01,NodoTest2,22.98,59.6,1006.0,22.0,-104,9.5
2025-11-14 00:01:01,NodoTest2,22.98,59.6,1006.0,22.0,-104,9.5
2025-11-14 00:02:01,NodoTest2,22.98,59.59,1006.0,22.0,-96,12.5
2025-11-14 00:02:01,NodoTest2,22.98,59.59,1006.0,22.0,-96,12.5
2025-11-14 00:03:01,NodoTest2,22.98,59.44,1005.0,22.0,-110,4.8
2025-11-14 00:03:01,NodoTest2,22.98,59.44,1005.0,22.0,-110,4.8
2025-11-14 00:04:02,NodoTest2,22.99,59.71,1005.0,22.0,-109,5.3
2025-11-14 00:04:02,NodoTest2,22.99,59.71,1005.0,22.0,-109,5.3
2025-11-14 00:05:02,NodoTest2,22.99,60.02,1005.0,22.0,-101,5.8
2025-11-14 00:05:02,NodoTest2,22.99,60.02,1005.0,22.0,-101,5.8
2025-11-14 00:06:02,NodoTest2,22.98,59.68,1005.0,20.0,-104,10.0
2025-11-14 00:06:02,NodoTest2,22.98,59.68,1005.0,20.0,-104,10.0
2025-11-14 00:07:02,NodoTest2,22.99,59.54,1005.0,22.0,-105,8.8
2025-11-14 00:07:02,NodoTest2,22.99,59.54,1005.0,22.0,-105,8.8
2025-11-14 00:08:02,NodoTest2,22.99,59.53,1005.0,20.0,-102,11.0
2025-11-14 00:08:02,NodoTest2,22.99,59.53,1005.0,20.0,-102,11.0
2025-11-14 00:09:02,NodoTest2,22.99,59.78,1005.0,20.0,-102,11.0
2025-11-14 00:09:02,NodoTest2,22.99,59.78,1005.0,20.0,-102,11.0
2025-11-14 00:10:03,NodoTest2,22.99,59.68,1005.0,22.0,-101,10.0
2025-11-14 00:10:03,NodoTest2,22.99,59.68,1005.0,22.0,-101,10.0
2025-11-14 00:11:03,NodoTest2,22.99,59.62,1005.0,18.0,-101,11.0
2025-11-14 00:11:03,NodoTest2,22.99,59.62,1005.0,18.0,-101,11.0
2025-11-14 00:12:03,NodoTest2,22.99,59.51,1005.0,20.0,-107,8.0
2025-11-14 00:12:03,NodoTest2,22.99,59.51,1005.0,20.0,-107,8.0
2025-11-14 00:13:03,NodoTest2,22.99,59.78,1005.0,18.0,-104,0.8
2025-11-14 00:13:03,NodoTest2,22.99,59.78,1005.0,18.0,-104,0.8
2025-11-14 00:14:03,NodoTest2,22.99,59.68,1005.0,22.0,-105,8.8
2025-11-14 00:14:03,NodoTest2,22.99,59.68,1005.0,22.0,-105,8.8
2025-11-14 00:15:03,NodoTest2,23.0,59.43,1005.0,22.0,-106,8.5
2025-11-14 00:15:03,NodoTest2,23.0,59.43,1005.0,22.0,-106,8.5
2025-11-14 00:16:04,NodoTest2,23.0,59.65,1005.0,22.0,-102,9.3
2025-11-14 00:16:04,NodoTest2,23.0,59.65,1005.0,22.0,-102,9.3
2025-11-14 00:17:04,NodoTest2,23.0,59.88,1005.0,20.0,-104,10.3
2025-11-14 00:17:04,NodoTest2,23.0,59.88,1005.0,20.0,-104,10.3
2025-11-14 00:18:04,NodoTest2,23.0,59.67,1005.0,22.0,-102,10.8
2025-11-14 00:18:04,NodoTest2,23.0,59.67,1005.0,22.0,-102,10.8
2025-11-14 00:19:04,NodoTest2,23.0,59.71,1005.0,20.0,-103,10.3
2025-11-14 00:19:04,NodoTest2,23.0,59.71,1005.0,20.0,-103,10.3
2025-11-14 00:20:04,NodoTest2,23.0,59.54,1005.0,18.0,-103,6.3
2025-11-14 00:20:04,NodoTest2,23.0,59.54,1005.0,18.0,-103,6.3
2025-11-14 00:21:04,NodoTest2,23.0,59.87,1005.0,22.0,-100,11.8
2025-11-14 00:21:04,NodoTest2,23.0,59.87,1005.0,22.0,-100,11.8
2025-11-14 00:22:05,NodoTest2,23.0,59.59,1005.0,18.0,-110,5.3
2025-11-14 00:22:05,NodoTest2,23.0,59.59,1005.0,18.0,-110,5.3
2025-11-14 00:23:05,NodoTest2,23.0,59.44,1005.0,22.0,-107,7.0
2025-11-14 00:23:05,NodoTest2,23.0,59.44,1005.0,22.0,-107,7.0
2025-11-14 00:24:05,NodoTest2,23.0,60.03,1005.0,20.0,-108,6.8
2025-11-14 00:24:05,NodoTest2,23.0,60.03,1005.0,20.0,-108,6.8
2025-11-14 00:25:05,NodoTest2,23.0,59.9,1005.0,20.0,-103,10.3
2025-11-14 00:25:05,NodoTest2,23.0,59.9,1005.0,20.0,-103,10.3
2025-11-14 00:26:05,NodoTest2,23.0,59.56,1005.0,20.0,-106,8.3
2025-11-14 00:26:05,NodoTest2,23.0,59.56,1005.0,20.0,-106,8.3
2025-11-14 00:27:05,NodoTest2,23.0,60.03,1005.0,18.0,-106,2.8
2025-11-14 00:27:05,NodoTest2,23.0,60.03,1005.0,18.0,-106,2.8
2025-11-14 00:28:05,NodoTest2,23.0,59.7,1005.0,22.0,-101,11.3
2025-11-14 00:28:05,NodoTest2,23.0,59.7,1005.0,22.0,-101,11.3
2025-11-14 00:29:06,NodoTest2,23.0,59.8,1005.0,22.0,-110,4.5
2025-11-14 00:29:06,NodoTest2,23.0,59.8,1005.0,22.0,-110,4.5
2025-11-14 00:30:06,NodoTest2,23.01,59.77,1005.0,14.0,-105,8.8
2025-11-14 00:30:06,NodoTest2,23.01,59.77,1005.0,14.0,-105,8.8
2025-11-14 00:31:06,NodoTest2,23.0,60.1,1005.0,20.0,-114,
2025-11-14 00:31:06,NodoTest2,23.0,60.1,1005.0,20.0,-114,
2025-11-14 00:32:06,NodoTest2,23.0,59.68,1005.0,22.0,-102,11.0
2025-11-14 00:32:06,NodoTest2,23.0,59.68,1005.0,22.0,-102,11.0
2025-11-14 00:33:06,NodoTest2,23.01,59.81,1005.0,22.0,-105,9.0
2025-11-14 00:33:06,NodoTest2,23.01,59.81,1005.0,22.0,-105,9.0
2025-11-14 00:34:06,NodoTest2,23.01,59.9,1005.0,22.0,-104,9.3
2025-11-14 00:34:06,NodoTest2,23.01,59.9,1005.0,22.0,-104,9.3
2025-11-14 00:35:06,NodoTest2,23.01,59.8,1005.0,20.0,-106,8.5
2025-11-14 00:35:06,NodoTest2,23.01,59.8,1005.0,20.0,-106,8.5
2025-11-14 00:36:07,NodoTest2,23.01,59.89,1005.0,20.0,-104,2.5
2025-11-14 00:36:07,NodoTest2,23.01,59.89,1005.0,20.0,-104,2.5
2025-11-14 00:37:07,NodoTest2,23.01,59.96,1005.0,20.0,-105,6.8
2025-11-14 00:37:07,NodoTest2,23.01,59.96,1005.0,20.0,-105,6.8
2025-11-14 00:38:07,NodoTest2,23.01,59.93,1005.0,20.0,-106,8.3
2025-11-14 00:38:07,NodoTest2,23.01,59.93,1005.0,20.0,-106,8.3
2025-11-14 00:39:07,NodoTest2,23.02,60.2,1005.0,20.0,-106,8.5
2025-11-14 00:39:07,NodoTest2,23.02,60.2,1005.0,20.0,-106,8.5
2025-11-14 00:40:07,NodoTest2,23.02,60.14,1005.0,22.0,-104,9.3
2025-11-14 00:40:07,NodoTest2,23.02,60.14,1005.0,22.0,-104,9.3
2025-11-14 00:41:07,NodoTest2,23.02,59.92,1005.0,22.0,-102,5.0
2025-11-14 00:41:07,NodoTest2,23.02,59.92,1005.0,22.0,-102,5.0
2025-11-14 00:42:08,NodoTest2,23.02,60.14,1005.0,22.0,-104,8.8
2025-11-14 00:42:08,NodoTest2,23.02,60.14,1005.0,22.0,-104,8.8
2025-11-14 00:43:08,NodoTest2,23.02,59.98,1005.0,20.0,-104,9.0
2025-11-14 00:43:08,NodoTest2,23.02,59.98,1005.0,20.0,-104,9.0
2025-11-14 00:44:08,NodoTest2,23.02,59.85,1005.0,20.0,-101,11.0
2025-11-14 00:44:08,NodoTest2,23.02,59.85,1005.0,20.0,-101,11.0
2025-11-14 00:45:08,NodoTest2,23.02,60.0,1005.0,20.0,-100,11.3
2025-11-14 00:45:08,NodoTest2,23.02,60.0,1005.0,20.0,-100,11.3
2025-11-14 00:46:08,NodoTest2,23.02,60.08,1005.0,22.0,-104,9.8
2025-11-14 00:46:08,NodoTest2,23.02,60.08,1005.0,22.0,-104,9.8
2025-11-14 00:47:08,NodoTest2,23.02,59.94,1005.0,20.0,-102,4.3
2025-11-14 00:47:08,NodoTest2,23.02,59.94,1005.0,20.0,-102,4.3
2025-11-14 00:48:08,NodoTest2,23.02,59.99,1005.0,20.0,-106,8.8
2025-11-14 00:48:08,NodoTest2,23.02,59.99,1005.0,20.0,-106,8.8
2025-11-14 00:49:09,NodoTest2,23.02,59.82,1005.0,20.0,-105,8.5
2025-11-14 00:49:09,NodoTest2,23.02,59.82,1005.0,20.0,-105,8.5
2025-11-14 00:50:09,NodoTest2,23.03,60.06,1005.0,20.0,-103,10.3
2025-11-14 00:50:09,NodoTest2,23.03,60.06,1005.0,20.0,-103,10.3
2025-11-14 00:51:09,NodoTest2,23.03,60.09,1005.0,22.0,-103,10.3
2025-11-14 00:51:09,NodoTest2,23.03,60.09,1005.0,22.0,-103,10.3
2025-11-14 00:52:09,NodoTest2,23.03,59.78,1005.0,22.0,-100,10.0
2025-11-14 00:52:09,NodoTest2,23.03,59.78,1005.0,22.0,-100,10.0
2025-11-14 00:53:09,NodoTest2,23.04,59.73,1005.0,18.0,-101,11.8
2025-11-14 00:53:09,NodoTest2,23.04,59.73,1005.0,18.0,-101,11.8
2025-11-14 00:54:09,NodoTest2,23.03,59.93,1005.0,20.0,-104,10.0
2025-11-14 00:54:09,NodoTest2,23.03,59.93,1005.0,20.0,-104,10.0
2025-11-14 00:55:10,NodoTest2,23.04,59.86,1005.0,22.0,-102,3.8
2025-11-14 00:55:10,NodoTest2,23.04,59.86,1005.0,22.0,-102,3.8
2025-11-14 00:56:10,NodoTest2,23.04,60.58,1005.0,22.0,-100,11.8
2025-11-14 00:56:10,NodoTest2,23.04,60.58,1005.0,22.0,-100,11.8
2025-11-14 00:57:10,NodoTest2,23.04,60.12,1005.0,18.0,-103,10.3
2025-11-14 00:57:10,NodoTest2,23.04,60.12,1005.0,18.0,-103,10.3
2025-11-14 00:58:10,NodoTest2,23.04,60.22,1005.0,22.0,-102,9.5
2025-11-14 00:58:10,NodoTest2,23.04,60.22,1005.0,22.0,-102,9.5
2025-11-14 00:59:10,NodoTest2,23.04,60.62,1005.0,22.0,-107,7.0
2025-11-14 00:59:10,NodoTest2,23.04,60.62,1005.0,22.0,-107,7.0
2025-11-14 01:00:10,NodoTest2,23.04,60.42,1005.0,20.0,-107,7.0
2025-11-14 01:00:10,NodoTest2,23.04,60.42,1005.0,20.0,-107,7.0
2025-11-14 01:01:11,NodoTest2,23.04,59.63,1005.0,22.0,-106,7.5
2025-11-14 01:01:11,NodoTest2,23.04,59.63,1005.0,22.0,-106,7.5
2025-11-14 01:02:11,NodoTest2,23.04,60.55,1005.0,22.0,-102,10.5
2025-11-14 01:02:11,NodoTest2,23.04,60.55,1005.0,22.0,-102,10.5
2025-11-14 01:03:11,NodoTest2,23.04,60.09,1005.0,22.0,-101,3.5
2025-11-14 01:03:11,NodoTest2,23.04,60.09,1005.0,22.0,-101,3.5
2025-11-14 01:04:11,NodoTest2,23.05,60.14,1005.0,20.0,-111,3.3
2025-11-14 01:04:11,NodoTest2,23.05,60.14,1005.0,20.0,-111,3.3
2025-11-14 01:05:11,NodoTest2,23.04,60.17,1005.0,20.0,-105,8.8
2025-11-14 01:05:11,NodoTest2,23.04,60.17,1005.0,20.0,-105,8.8
2025-11-14 01:06:11,NodoTest2,23.04,60.31,1005.0,20.0,-101,9.8
2025-11-14 01:06:11,NodoTest2,23.04,60.31,1005.0,20.0,-101,9.8
2025-11-14 01:07:11,NodoTest2,23.05,60.42,1005.0,20.0,-91,13.3
2025-11-14 01:07:11,NodoTest2,23.05,60.42,1005.0,20.0,-91,13.3
2025-11-14 01:08:12,NodoTest2,23.05,60.56,1005.0,22.0,-101,11.8
2025-11-14 01:08:12,NodoTest2,23.05,60.56,1005.0,22.0,-101,11.8
2025-11-14 01:09:12,NodoTest2,23.06,60.31,1005.0,20.0,-106,8.3
2025-11-14 01:09:12,NodoTest2,23.06,60.31,1005.0,20.0,-106,8.3
2025-11-14 01:10:12,NodoTest2,23.06,60.13,1004.0,18.0,-104,9.8
2025-11-14 01:10:12,NodoTest2,23.06,60.13,1004.0,18.0,-104,9.8
2025-11-14 01:11:12,NodoTest2,23.06,60.25,1004.0,20.0,-104,10.0
2025-11-14 01:11:12,NodoTest2,23.06,60.25,1004.0,20.0,-104,10.0
2025-11-14 01:12:12,NodoTest2,23.06,60.18,1004.0,22.0,-99,5.8
2025-11-14 01:12:12,NodoTest2,23.06,60.18,1004.0,22.0,-99,5.8
2025-11-14 01:13:12,NodoTest2,23.07,60.19,1004.0,20.0,-108,5.8
2025-11-14 01:13:12,NodoTest2,23.07,60.19,1004.0,20.0,-108,5.8
2025-11-14 01:14:13,NodoTest2,23.06,60.19,1004.0,22.0,-100,11.8
2025-11-14 01:14:13,NodoTest2,23.06,60.19,1004.0,22.0,-100,11.8
2025-11-14 01:15:13,NodoTest2,23.07,60.15,1004.0,22.0,-102,11.0
2025-11-14 01:15:13,NodoTest2,23.07,60.15,1004.0,22.0,-102,11.0
2025-11-14 01:16:13,NodoTest2,23.06,60.45,1004.0,20.0,-104,9.3
2025-11-14 01:16:13,NodoTest2,23.06,60.45,1004.0,20.0,-104,9.3
2025-11-14 01:17:13,NodoTest2,23.07,60.36,1004.0,22.0,-101,11.8
2025-11-14 01:17:13,NodoTest2,23.07,60.36,1004.0,22.0,-101,11.8
2025-11-14 01:18:13,NodoTest2,23.07,60.29,1004.0,22.0,-101,11.3
2025-11-14 01:18:13,NodoTest2,23.07,60.29,1004.0,22.0,-101,11.3
2025-11-14 01:19:13,NodoTest2,23.07,60.31,1004.0,20.0,-101,11.0
2025-11-14 01:19:13,NodoTest2,23.07,60.31,1004.0,20.0,-101,11.0
2025-11-14 01:20:14,NodoTest2,23.07,60.33,1004.0,22.0,-102,8.3
2025-11-14 01:20:14,NodoTest2,23.07,60.33,1004.0,22.0,-102,8.3
2025-11-14 01:21:14,NodoTest2,23.07,60.16,1004.0,18.0,-100,-2.5
2025-11-14 01:21:14,NodoTest2,23.07,60.16,1004.0,18.0,-100,-2.5
2025-11-14 01:22:14,NodoTest2,23.08,60.66,1004.0,22.0,-102,10.8
2025-11-14 01:22:14,NodoTest2,23.08,60.66,1004.0,22.0,-102,10.8
2025-11-14 01:23:14,NodoTest2,23.08,60.17,1004.0,20.0,-104,1.0
2025-11-14 01:23:14,NodoTest2,23.08,60.17,1004.0,20.0,-104,1.0
2025-11-14 01:24:14,NodoTest2,23.08,60.49,1004.0,22.0,-102,10.8
2025-11-14 01:24:14,NodoTest2,23.08,60.49,1004.0,22.0,-102,10.8
2025-11-14 01:25:14,NodoTest2,23.08,60.6,1004.0,18.0,-105,8.8
2025-11-14 01:25:14,NodoTest2,23.08,60.6,1004.0,18.0,-105,8.8
2025-11-14 01:26:15,NodoTest2,23.09,60.34,1004.0,20.0,-104,9.0
2025-11-14 01:26:15,NodoTest2,23.09,60.34,1004.0,20.0,-104,9.0
2025-11-14 01:27:15,NodoTest2,23.09,60.56,1004.0,22.0,-104,9.0
2025-11-14 01:27:15,NodoTest2,23.09,60.56,1004.0,22.0,-104,9.0
2025-11-14 01:28:15,NodoTest2,23.09,60.36,1004.0,18.0,-101,3.5
2025-11-14 01:28:15,NodoTest2,23.09,60.36,1004.0,18.0,-101,3.5
2025-11-14 01:29:15,NodoTest2,23.09,60.3,1004.0,18.0,-108,6.8
2025-11-14 01:29:15,NodoTest2,23.09,60.3,1004.0,18.0,-108,6.8
2025-11-14 01:30:15,NodoTest2,23.09,60.47,1004.0,20.0,-104,9.3
2025-11-14 01:30:15,NodoTest2,23.09,60.47,1004.0,20.0,-104,9.3
2025-11-14 01:31:15,NodoTest2,23.09,60.26,1004.0,22.0,-103,10.0
2025-11-14 01:31:15,NodoTest2,23.09,60.26,1004.0,22.0,-103,10.0
2025-11-14 01:32:16,NodoTest2,23.09,60.36,1004.0,22.0,-103,10.5
2025-11-14 01:32:16,NodoTest2,23.09,60.36,1004.0,22.0,-103,10.5
2025-11-14 01:33:16,NodoTest2,23.1,60.36,1004.0,22.0,-101,12.0
2025-11-14 01:33:16,NodoTest2,23.1,60.36,1004.0,22.0,-101,12.0
2025-11-14 01:34:16,NodoTest2,23.1,60.7,1004.0,22.0,-104,9.8
2025-11-14 01:34:16,NodoTest2,23.1,60.7,1004.0,22.0,-104,9.8
2025-11-14 01:35:16,NodoTest2,23.1,60.25,1004.0,18.0,-103,9.0
2025-11-14 01:35:16,NodoTest2,23.1,60.25,1004.0,18.0,-103,9.0
2025-11-14 01:36:16,NodoTest2,23.11,60.46,1004.0,22.0,-107,7.3
2025-11-14 01:36:16,NodoTest2,23.11,60.46,1004.0,22.0,-107,7.3
2025-11-14 01:37:16,NodoTest2,23.11,60.68,1004.0,22.0,-101,10.8
2025-11-14 01:37:16,NodoTest2,23.11,60.68,1004.0,22.0,-101,10.8
2025-11-14 01:38:16,NodoTest2,23.11,60.34,1004.0,22.0,-103,6.3
2025-11-14 01:38:16,NodoTest2,23.11,60.34,1004.0,22.0,-103,6.3
2025-11-14 01:39:17,NodoTest2,23.11,60.41,1004.0,22.0,-100,4.5
2025-11-14 01:39:17,NodoTest2,23.11,60.41,1004.0,22.0,-100,4.5
2025-11-14 01:40:17,NodoTest2,23.12,60.46,1004.0,18.0,-108,7.3
2025-11-14 01:40:17,NodoTest2,23.12,60.46,1004.0,18.0,-108,7.3
2025-11-14 01:41:17,NodoTest2,23.12,60.31,1004.0,22.0,-101,11.5
2025-11-14 01:41:17,NodoTest2,23.12,60.31,1004.0,22.0,-101,11.5
2025-11-14 01:42:17,NodoTest2,23.12,60.54,1004.0,22.0,-104,9.3
2025-11-14 01:42:17,NodoTest2,23.12,60.54,1004.0,22.0,-104,9.3
2025-11-14 01:43:17,NodoTest2,23.12,60.54,1004.0,20.0,-101,1.0
2025-11-14 01:43:17,NodoTest2,23.12,60.54,1004.0,20.0,-101,1.0
2025-11-14 01:44:17,NodoTest2,23.12,60.35,1004.0,22.0,-104,9.5
2025-11-14 01:44:17,NodoTest2,23.12,60.35,1004.0,22.0,-104,9.5
2025-11-14 01:45:18,NodoTest2,23.12,60.28,1004.0,20.0,-104,9.3
2025-11-14 01:45:18,NodoTest2,23.12,60.28,1004.0,20.0,-104,9.3
2025-11-14 01:46:18,NodoTest2,23.13,60.51,1004.0,20.0,-105,7.5
2025-11-14 01:46:18,NodoTest2,23.13,60.51,1004.0,20.0,-105,7.5
2025-11-14 01:47:18,NodoTest2,23.13,60.12,1004.0,18.0,-102,10.5
2025-11-14 01:47:18,NodoTest2,23.13,60.12,1004.0,18.0,-102,10.5
2025-11-14 01:48:18,NodoTest2,23.13,60.62,1004.0,22.0,-104,10.0
2025-11-14 01:48:18,NodoTest2,23.13,60.62,1004.0,22.0,-104,10.0
2025-11-14 01:49:18,NodoTest2,23.14,60.33,1004.0,20.0,-103,10.3
2025-11-14 01:49:18,NodoTest2,23.14,60.33,1004.0,20.0,-103,10.3
2025-11-14 01:50:18,NodoTest2,23.13,60.51,1004.0,22.0,-105,8.8
2025-11-14 01:50:18,NodoTest2,23.13,60.51,1004.0,22.0,-105,8.8
2025-11-14 01:51:19,NodoTest2,23.13,60.38,1004.0,22.0,-104,5.5
2025-11-14 01:51:19,NodoTest2,23.13,60.38,1004.0,22.0,-104,5.5
2025-11-14 01:52:19,NodoTest2,23.14,60.42,1004.0,20.0,-105,9.3
2025-11-14 01:52:19,NodoTest2,23.14,60.42,1004.0,20.0,-105,9.3
2025-11-14 01:53:19,NodoTest2,23.14,60.92,1004.0,20.0,-103,10.0
2025-11-14 01:53:19,NodoTest2,23.14,60.92,1004.0,20.0,-103,10.0
2025-11-14 01:54:19,NodoTest2,23.14,60.5,1004.0,22.0,-103,10.0
2025-11-14 01:54:19,NodoTest2,23.14,60.5,1004.0,22.0,-103,10.0
2025-11-14 01:55:19,NodoTest2,23.14,60.57,1004.0,20.0,-102,9.5
2025-11-14 01:55:19,NodoTest2,23.14,60.57,1004.0,20.0,-102,9.5
2025-11-14 01:56:19,NodoTest2,23.15,60.48,1004.0,22.0,-102,10.8
2025-11-14 01:56:19,NodoTest2,23.15,60.48,1004.0,22.0,-102,10.8
2025-11-14 01:57:19,NodoTest2,23.15,60.39,1004.0,20.0,-108,
2025-11-14 01:57:19,NodoTest2,23.15,60.39,1004.0,20.0,-108,
2025-11-14 01:58:20,NodoTest2,23.15,60.42,1004.0,20.0,-104,9.3
2025-11-14 01:58:20,NodoTest2,23.15,60.42,1004.0,20.0,-104,9.3
2025-11-14 01:59:20,NodoTest2,23.15,60.48,1004.0,22.0,-103,10.0
2025-11-14 01:59:20,NodoTest2,23.15,60.48,1004.0,22.0,-103,10.0
2025-11-14 02:00:20,NodoTest2,23.15,60.4,1004.0,22.0,-103,10.0
2025-11-14 02:00:20,NodoTest2,23.15,60.4,1004.0,22.0,-103,10.0
2025-11-14 02:01:20,NodoTest2,23.15,60.2,1004.0,20.0,-106,8.5
2025-11-14 02:01:20,NodoTest2,23.15,60.2,1004.0,20.0,-106,8.5
2025-11-14 02:02:20,NodoTest2,23.16,60.64,1004.0,18.0,-104,7.8
2025-11-14 02:02:20,NodoTest2,23.16,60.64,1004.0,18.0,-104,7.8
2025-11-14 02:03:20,NodoTest2,23.16,60.26,1004.0,20.0,-103,10.5
2025-11-14 02:03:20,NodoTest2,23.16,60.26,1004.0,20.0,-103,10.5
2025-11-14 02:04:20,NodoTest2,23.16,60.55,1004.0,20.0,-101,11.3
2025-11-14 02:04:20,NodoTest2,23.16,60.55,1004.0,20.0,-101,11.3
2025-11-14 02:05:21,NodoTest2,23.17,60.78,1004.0,18.0,-100,2.8
2025-11-14 02:05:21,NodoTest2,23.17,60.78,1004.0,18.0,-100,2.8
2025-11-14 02:06:21,NodoTest2,23.16,60.53,1004.0,22.0,-104,10.0
2025-11-14 02:06:21,NodoTest2,23.16,60.53,1004.0,22.0,-104,10.0
2025-11-14 02:07:21,NodoTest2,23.17,60.31,1004.0,22.0,-104,8.5
2025-11-14 02:07:21,NodoTest2,23.17,60.31,1004.0,22.0,-104,8.5
2025-11-14 02:08:21,NodoTest2,23.17,60.47,1004.0,22.0,-101,1.0
2025-11-14 02:08:21,NodoTest2,23.17,60.47,1004.0,22.0,-101,1.0
2025-11-14 02:09:21,NodoTest2,23.17,60.59,1004.0,18.0,-110,5.0
2025-11-14 02:09:21,NodoTest2,23.17,60.59,1004.0,18.0,-110,5.0
2025-11-14 02:10:22,NodoTest2,23.17,60.54,1004.0,18.0,-100,11.8
2025-11-14 02:10:22,NodoTest2,23.17,60.54,1004.0,18.0,-100,11.8
2025-11-14 02:11:22,NodoTest2,23.18,60.9,1004.0,22.0,-102,10.8
2025-11-14 02:11:22,NodoTest2,23.18,60.9,1004.0,22.0,-102,10.8
2025-11-14 02:12:22,NodoTest2,23.17,60.53,1004.0,18.0,-91,13.5
2025-11-14 02:12:22,NodoTest2,23.17,60.53,1004.0,18.0,-91,13.5
2025-11-14 02:13:22,NodoTest2,23.17,60.57,1004.0,20.0,-102,10.3
2025-11-14 02:13:22,NodoTest2,23.17,60.57,1004.0,20.0,-102,10.3
2025-11-14 02:14:22,NodoTest2,23.17,60.74,1004.0,22.0,-105,8.8
2025-11-14 02:14:22,NodoTest2,23.17,60.74,1004.0,22.0,-105,8.8
2025-11-14 02:15:22,NodoTest2,23.18,60.62,1004.0,20.0,-102,10.5
2025-11-14 02:15:22,NodoTest2,23.18,60.62,1004.0,20.0,-102,10.5
2025-11-14 02:16:22,NodoTest2,23.18,60.59,1004.0,22.0,-103,10.0
2025-11-14 02:16:22,NodoTest2,23.18,60.59,1004.0,22.0,-103,10.0
2025-11-14 02:17:23,NodoTest2,23.18,60.91,1004.0,18.0,-102,10.5
2025-11-14 02:17:23,NodoTest2,23.18,60.91,1004.0,18.0,-102,10.5
2025-11-14 02:18:23,NodoTest2,23.18,60.52,1004.0,22.0,-105,7.5
2025-11-14 02:18:23,NodoTest2,23.18,60.52,1004.0,22.0,-105,7.5
2025-11-14 02:19:23,NodoTest2,23.19,60.69,1004.0,20.0,-101,11.3
2025-11-14 02:19:23,NodoTest2,23.19,60.69,1004.0,20.0,-101,11.3
2025-11-14 02:20:23,NodoTest2,23.19,60.52,1004.0,22.0,-103,10.5
2025-11-14 02:20:23,NodoTest2,23.19,60.52,1004.0,22.0,-103,10.5
2025-11-14 02:21:23,NodoTest2,23.19,60.51,1004.0,18.0,-101,1.0
2025-11-14 02:21:23,NodoTest2,23.19,60.51,1004.0,18.0,-101,1.0
2025-11-14 02:22:23,NodoTest2,23.19,60.67,1004.0,22.0,-101,0.8
2025-11-14 02:22:23,NodoTest2,23.19,60.67,1004.0,22.0,-101,0.8
2025-11-14 02:23:24,NodoTest2,23.2,60.7,1004.0,20.0,-103,10.5
2025-11-14 02:23:24,NodoTest2,23.2,60.7,1004.0,20.0,-103,10.5
2025-11-14 02:24:24,NodoTest2,23.2,61.2,1004.0,20.0,-102,-2.8
2025-11-14 02:24:24,NodoTest2,23.2,61.2,1004.0,20.0,-102,-2.8
2025-11-14 02:25:24,NodoTest2,23.2,60.68,1004.0,22.0,-103,10.0
2025-11-14 02:25:24,NodoTest2,23.2,60.68,1004.0,22.0,-103,10.0
2025-11-14 02:26:24,NodoTest2,23.21,60.73,1004.0,18.0,-102,10.8
2025-11-14 02:26:24,NodoTest2,23.21,60.73,1004.0,18.0,-102,10.8
2025-11-14 02:27:24,NodoTest2,23.2,61.11,1004.0,20.0,-101,10.8
2025-11-14 02:27:24,NodoTest2,23.2,61.11,1004.0,20.0,-101,10.8
2025-11-14 02:28:24,NodoTest2,23.2,60.46,1004.0,20.0,-102,11.0
2025-11-14 02:28:24,NodoTest2,23.2,60.46,1004.0,20.0,-102,11.0
2025-11-14 02:29:25,NodoTest2,23.21,61.09,1003.0,22.0,-103,9.3
2025-11-14 02:29:25,NodoTest2,23.21,61.09,1003.0,22.0,-103,9.3
2025-11-14 02:30:25,NodoTest2,23.21,60.82,1003.0,22.0,-102,10.5
2025-11-14 02:30:25,NodoTest2,23.21,60.82,1003.0,22.0,-102,10.5
2025-11-14 02:31:25,NodoTest2,23.2,61.2,1003.0,22.0,-101,1.3
2025-11-14 02:31:25,NodoTest2,23.2,61.2,1003.0,22.0,-101,1.3
2025-11-14 02:32:25,NodoTest2,23.21,60.53,1003.0,18.0,-106,7.3
2025-11-14 02:32:25,NodoTest2,23.21,60.53,1003.0,18.0,-106,7.3
2025-11-14 02:33:25,NodoTest2,23.21,60.84,1003.0,22.0,-102,10.3
2025-11-14 02:33:25,NodoTest2,23.21,60.84,1003.0,22.0,-102,10.3
2025-11-14 02:34:25,NodoTest2,23.21,60.86,1003.0,22.0,-102,10.8
2025-11-14 02:34:25,NodoTest2,23.21,60.86,1003.0,22.0,-102,10.8
2025-11-14 02:35:26,NodoTest2,23.21,60.48,1003.0,22.0,-108,6.5
2025-11-14 02:35:26,NodoTest2,23.21,60.48,1003.0,22.0,-108,6.5
2025-11-14 02:36:26,NodoTest2,23.21,61.27,1003.0,22.0,-101,11.0
2025-11-14 02:36:26,NodoTest2,23.21,61.27,1003.0,22.0,-101,11.0
2025-11-14 02:37:26,NodoTest2,23.22,60.34,1003.0,20.0,-103,9.5
2025-11-14 02:37:26,NodoTest2,23.22,60.34,1003.0,20.0,-103,9.5
2025-11-14 02:38:26,NodoTest2,23.22,60.99,1003.0,22.0,-104,8.8
2025-11-14 02:38:26,NodoTest2,23.22,60.99,1003.0,22.0,-104,8.8
2025-11-14 02:39:26,NodoTest2,23.22,60.5,1003.0,20.0,-103,10.5
2025-11-14 02:39:26,NodoTest2,23.22,60.5,1003.0,20.0,-103,10.5
2025-11-14 02:40:26,NodoTest2,23.22,60.91,1003.0,22.0,-105,8.5
2025-11-14 02:40:26,NodoTest2,23.22,60.91,1003.0,22.0,-105,8.5
2025-11-14 02:41:27,NodoTest2,23.23,60.86,1003.0,20.0,-104,9.8
2025-11-14 02:41:27,NodoTest2,23.23,60.86,1003.0,20.0,-104,9.8
2025-11-14 02:42:27,NodoTest2,23.23,61.01,1003.0,20.0,-103,10.3
2025-11-14 02:42:27,NodoTest2,23.23,61.01,1003.0,20.0,-103,10.3
2025-11-14 02:43:27,NodoTest2,23.23,61.37,1003.0,20.0,-103,9.0
2025-11-14 02:43:27,NodoTest2,23.23,61.37,1003.0,20.0,-103,9.0
2025-11-14 02:44:27,NodoTest2,23.23,60.89,1003.0,22.0,-102,10.8
2025-11-14 02:44:27,NodoTest2,23.23,60.89,1003.0,22.0,-102,10.8
2025-11-14 02:45:27,NodoTest2,23.23,60.81,1003.0,20.0,-100,0.8
2025-11-14 02:45:27,NodoTest2,23.23,60.81,1003.0,20.0,-100,0.8
2025-11-14 02:46:27,NodoTest2,23.23,60.89,1003.0,22.0,-103,10.5
2025-11-14 02:46:27,NodoTest2,23.23,60.89,1003.0,22.0,-103,10.5
2025-11-14 02:47:27,NodoTest2,23.23,60.67,1003.0,16.0,-101,11.5
2025-11-14 02:47:27,NodoTest2,23.23,60.67,1003.0,16.0,-101,11.5
2025-11-14 02:48:28,NodoTest2,23.24,60.99,1003.0,20.0,-105,9.3
2025-11-14 02:48:28,NodoTest2,23.24,60.99,1003.0,20.0,-105,9.3
2025-11-14 02:49:28,NodoTest2,23.24,60.89,1003.0,22.0,-102,10.8
2025-11-14 02:49:28,NodoTest2,23.24,60.89,1003.0,22.0,-102,10.8
2025-11-14 02:50:28,NodoTest2,23.24,60.92,1003.0,20.0,-102,10.5
2025-11-14 02:50:28,NodoTest2,23.24,60.92,1003.0,20.0,-102,10.5
2025-11-14 02:51:28,NodoTest2,23.23,60.57,1003.0,22.0,-104,10.0
2025-11-14 02:51:28,NodoTest2,23.23,60.57,1003.0,22.0,-104,10.0
2025-11-14 02:52:28,NodoTest2,23.24,60.92,1003.0,22.0,-102,-2.5
2025-11-14 02:52:28,NodoTest2,23.24,60.92,1003.0,22.0,-102,-2.5
2025-11-14 02:53:28,NodoTest2,23.24,61.13,1003.0,22.0,-105,8.0
2025-11-14 02:53:28,NodoTest2,23.24,61.13,1003.0,22.0,-105,8.0
2025-11-14 02:54:28,NodoTest2,23.24,60.76,1003.0,22.0,-108,6.8
2025-11-14 02:54:28,NodoTest2,23.24,60.76,1003.0,22.0,-108,6.8
2025-11-14 02:55:29,NodoTest2,23.25,60.75,1003.0,22.0,-101,11.0
2025-11-14 02:55:29,NodoTest2,23.25,60.75,1003.0,22.0,-101,11.0
2025-11-14 02:56:29,NodoTest2,23.25,60.89,1003.0,22.0,-101,3.0
2025-11-14 02:56:29,NodoTest2,23.25,60.89,1003.0,22.0,-101,3.0
2025-11-14 02:57:29,NodoTest2,23.25,60.63,1003.0,20.0,-103,10.5
2025-11-14 02:57:29,NodoTest2,23.25,60.63,1003.0,20.0,-103,10.5
2025-11-14 02:58:29,NodoTest2,23.26,60.62,1003.0,22.0,-104,9.8
2025-11-14 02:58:29,NodoTest2,23.26,60.62,1003.0,22.0,-104,9.8
2025-11-14 02:59:29,NodoTest2,23.26,60.99,1003.0,20.0,-103,9.0
2025-11-14 02:59:29,NodoTest2,23.26,60.99,1003.0,20.0,-103,9.0
2025-11-14 03:00:29,NodoTest2,23.26,61.0,1003.0,18.0,-110,5.3
2025-11-14 03:00:29,NodoTest2,23.26,61.0,1003.0,18.0,-110,5.3
2025-11-14 03:01:29,NodoTest2,23.26,61.11,1003.0,22.0,-106,8.8
2025-11-14 03:01:29,NodoTest2,23.26,61.11,1003.0,22.0,-106,8.8
2025-11-14 03:02:30,NodoTest2,23.26,61.22,1003.0,22.0,-106,8.3
2025-11-14 03:02:30,NodoTest2,23.26,61.22,1003.0,22.0,-106,8.3
2025-11-14 03:03:30,NodoTest2,23.27,60.97,1003.0,20.0,-108,6.8
2025-11-14 03:03:30,NodoTest2,23.27,60.97,1003.0,20.0,-108,6.8
2025-11-14 03:04:30,NodoTest2,23.26,61.09,1003.0,18.0,-107,7.3
2025-11-14 03:04:30,NodoTest2,23.26,61.09,1003.0,18.0,-107,7.3
2025-11-14 03:05:30,NodoTest2,23.26,60.97,1003.0,22.0,-107,7.3
2025-11-14 03:05:30,NodoTest2,23.26,60.97,1003.0,22.0,-107,7.3
2025-11-14 03:06:30,NodoTest2,23.27,61.05,1003.0,22.0,-102,10.5
2025-11-14 03:06:30,NodoTest2,23.27,61.05,1003.0,22.0,-102,10.5
2025-11-14 03:07:30,NodoTest2,23.27,61.07,1003.0,22.0,-101,0.3
2025-11-14 03:07:30,NodoTest2,23.27,61.07,1003.0,22.0,-101,0.3
2025-11-14 03:08:31,NodoTest2,23.27,61.0,1003.0,18.0,-102,10.5
2025-11-14 03:08:31,NodoTest2,23.27,61.0,1003.0,18.0,-102,10.5
2025-11-14 03:09:31,NodoTest2,23.27,61.15,1003.0,20.0,-104,9.3
2025-11-14 03:09:31,NodoTest2,23.27,61.15,1003.0,20.0,-104,9.3
2025-11-14 03:10:31,NodoTest2,23.27,61.35,1003.0,18.0,-106,8.5
2025-11-14 03:10:31,NodoTest2,23.27,61.35,1003.0,18.0,-106,8.5
2025-11-14 03:11:31,NodoTest2,23.28,61.05,1003.0,20.0,-101,7.5
2025-11-14 03:11:31,NodoTest2,23.28,61.05,1003.0,20.0,-101,7.5
2025-11-14 03:12:31,NodoTest2,23.28,60.95,1003.0,18.0,-102,10.8
2025-11-14 03:12:31,NodoTest2,23.28,60.95,1003.0,18.0,-102,10.8
2025-11-14 03:13:31,NodoTest2,23.28,60.97,1003.0,22.0,-101,11.0
2025-11-14 03:13:31,NodoTest2,23.28,60.97,1003.0,22.0,-101,11.0
2025-11-14 03:14:31,NodoTest2,23.28,61.2,1003.0,20.0,-106,8.3
2025-11-14 03:14:31,NodoTest2,23.28,61.2,1003.0,20.0,-106,8.3
2025-11-14 03:15:32,NodoTest2,23.28,61.25,1003.0,22.0,-104,10.3
2025-11-14 03:15:32,NodoTest2,23.28,61.25,1003.0,22.0,-104,10.3
2025-11-14 03:16:32,NodoTest2,23.28,61.27,1003.0,18.0,-101,-4.3
2025-11-14 03:16:32,NodoTest2,23.28,61.27,1003.0,18.0,-101,-4.3
2025-11-14 03:17:32,NodoTest2,23.28,60.91,1003.0,22.0,-93,12.8
2025-11-14 03:17:32,NodoTest2,23.28,60.91,1003.0,22.0,-93,12.8
2025-11-14 03:18:32,NodoTest2,23.29,61.04,1003.0,22.0,-104,9.3
2025-11-14 03:18:32,NodoTest2,23.29,61.04,1003.0,22.0,-104,9.3
2025-11-14 03:19:32,NodoTest2,23.29,61.15,1003.0,18.0,-104,9.8
2025-11-14 03:19:32,NodoTest2,23.29,61.15,1003.0,18.0,-104,9.8
2025-11-14 03:20:32,NodoTest2,23.29,61.21,1003.0,22.0,-104,9.5
2025-11-14 03:20:32,NodoTest2,23.29,61.21,1003.0,22.0,-104,9.5
2025-11-14 03:21:33,NodoTest2,23.29,61.35,1003.0,22.0,-101,11.0
2025-11-14 03:21:33,NodoTest2,23.29,61.35,1003.0,22.0,-101,11.0
2025-11-14 03:22:33,NodoTest2,23.29,61.19,1003.0,22.0,-104,8.3
2025-11-14 03:22:33,NodoTest2,23.29,61.19,1003.0,22.0,-104,8.3
2025-11-14 03:23:33,NodoTest2,23.29,61.28,1003.0,20.0,-103,-2.0
2025-11-14 03:23:33,NodoTest2,23.29,61.28,1003.0,20.0,-103,-2.0
2025-11-14 03:24:33,NodoTest2,23.29,61.13,1003.0,20.0,-106,8.3
2025-11-14 03:24:33,NodoTest2,23.29,61.13,1003.0,20.0,-106,8.3
2025-11-14 03:25:33,NodoTest2,23.29,61.31,1003.0,22.0,-103,10.5
2025-11-14 03:25:33,NodoTest2,23.29,61.31,1003.0,22.0,-103,10.5
2025-11-14 03:26:33,NodoTest2,23.29,61.31,1003.0,22.0,-106,8.3
2025-11-14 03:26:33,NodoTest2,23.29,61.31,1003.0,22.0,-106,8.3
2025-11-14 03:27:34,NodoTest2,23.3,61.17,1003.0,22.0,-103,10.8
2025-11-14 03:27:34,NodoTest2,23.3,61.17,1003.0,22.0,-103,10.8
2025-11-14 03:28:34,NodoTest2,23.29,61.13,1003.0,20.0,-109,6.5
2025-11-14 03:28:34,NodoTest2,23.29,61.13,1003.0,20.0,-109,6.5
2025-11-14 03:29:34,NodoTest2,23.3,61.29,1003.0,22.0,-101,-0.5
2025-11-14 03:29:34,NodoTest2,23.3,61.29,1003.0,22.0,-101,-0.5
2025-11-14 03:30:34,NodoTest2,23.3,61.35,1003.0,22.0,-107,6.8
2025-11-14 03:30:34,NodoTest2,23.3,61.35,1003.0,22.0,-107,6.8
2025-11-14 03:31:34,NodoTest2,23.3,61.14,1003.0,20.0,-100,11.8
2025-11-14 03:31:34,NodoTest2,23.3,61.14,1003.0,20.0,-100,11.8
2025-11-14 03:32:34,NodoTest2,23.3,61.2,1003.0,20.0,-114,-1.3
2025-11-14 03:32:34,NodoTest2,23.3,61.2,1003.0,20.0,-114,-1.3
2025-11-14 03:33:35,NodoTest2,23.3,61.34,1003.0,20.0,-114,0.5
2025-11-14 03:33:35,NodoTest2,23.3,61.34,1003.0,20.0,-114,0.5
2025-11-14 03:34:35,NodoTest2,23.3,61.12,1003.0,22.0,-103,10.0
2025-11-14 03:34:35,NodoTest2,23.3,61.12,1003.0,22.0,-103,10.0
2025-11-14 03:35:35,NodoTest2,23.3,61.22,1003.0,20.0,-102,10.8
2025-11-14 03:35:35,NodoTest2,23.3,61.22,1003.0,20.0,-102,10.8
2025-11-14 03:36:35,NodoTest2,23.31,61.26,1003.0,18.0,-101,11.5
2025-11-14 03:36:35,NodoTest2,23.31,61.26,1003.0,18.0,-101,11.5
2025-11-14 03:37:35,NodoTest2,23.31,61.34,1003.0,18.0,-106,8.0
2025-11-14 03:37:35,NodoTest2,23.31,61.34,1003.0,18.0,-106,8.0
2025-11-14 03:38:35,NodoTest2,23.31,61.22,1003.0,20.0,-104,9.5
2025-11-14 03:38:35,NodoTest2,23.31,61.22,1003.0,20.0,-104,9.5
2025-11-14 03:39:35,NodoTest2,23.32,61.03,1003.0,22.0,-101,9.8
2025-11-14 03:39:35,NodoTest2,23.32,61.03,1003.0,22.0,-101,9.8
2025-11-14 03:40:36,NodoTest2,23.31,61.33,1003.0,22.0,-101,-4.8
2025-11-14 03:40:36,NodoTest2,23.31,61.33,1003.0,22.0,-101,-4.8
2025-11-14 03:41:36,NodoTest2,23.32,61.28,1003.0,22.0,-100,11.5
2025-11-14 03:41:36,NodoTest2,23.32,61.28,1003.0,22.0,-100,11.5
2025-11-14 03:42:36,NodoTest2,23.32,61.32,1003.0,22.0,-104,10.3
2025-11-14 03:42:36,NodoTest2,23.32,61.32,1003.0,22.0,-104,10.3
2025-11-14 03:43:36,NodoTest2,23.32,61.28,1003.0,20.0,-102,10.8
2025-11-14 03:43:36,NodoTest2,23.32,61.28,1003.0,20.0,-102,10.8
2025-11-14 03:44:36,NodoTest2,23.32,61.27,1003.0,22.0,-101,1.0
2025-11-14 03:44:36,NodoTest2,23.32,61.27,1003.0,22.0,-101,1.0
2025-11-14 03:45:36,NodoTest2,23.32,61.27,1003.0,18.0,-105,9.5
2025-11-14 03:45:36,NodoTest2,23.32,61.27,1003.0,18.0,-105,9.5
2025-11-14 03:46:37,NodoTest2,23.32,61.37,1003.0,18.0,-102,10.5
2025-11-14 03:46:37,NodoTest2,23.32,61.37,1003.0,18.0,-102,10.5
2025-11-14 03:47:37,NodoTest2,23.32,61.42,1003.0,22.0,-102,10.3
2025-11-14 03:47:37,NodoTest2,23.32,61.42,1003.0,22.0,-102,10.3
2025-11-14 03:48:37,NodoTest2,23.32,61.39,1003.0,22.0,-104,7.8
2025-11-14 03:48:37,NodoTest2,23.32,61.39,1003.0,22.0,-104,7.8
2025-11-14 03:49:37,NodoTest2,23.32,61.19,1003.0,22.0,-101,11.8
2025-11-14 03:49:37,NodoTest2,23.32,61.19,1003.0,22.0,-101,11.8
2025-11-14 03:50:37,NodoTest2,23.32,61.37,1003.0,20.0,-99,11.5
2025-11-14 03:50:37,NodoTest2,23.32,61.37,1003.0,20.0,-99,11.5
2025-11-14 03:51:38,NodoTest2,23.32,61.44,1003.0,22.0,-106,8.3
2025-11-14 03:51:38,NodoTest2,23.32,61.44,1003.0,22.0,-106,8.3
2025-11-14 03:52:38,NodoTest2,23.33,61.42,1003.0,18.0,-101,4.3
2025-11-14 03:52:38,NodoTest2,23.33,61.42,1003.0,18.0,-101,4.3
2025-11-14 03:53:38,NodoTest2,23.33,61.4,1003.0,22.0,-102,9.3
2025-11-14 03:53:38,NodoTest2,23.33,61.4,1003.0,22.0,-102,9.3
2025-11-14 03:54:38,NodoTest2,23.33,61.38,1003.0,18.0,-104,10.0
2025-11-14 03:54:38,NodoTest2,23.33,61.38,1003.0,18.0,-104,10.0
2025-11-14 03:55:38,NodoTest2,23.33,61.43,1003.0,18.0,-100,11.5
2025-11-14 03:55:38,NodoTest2,23.33,61.43,1003.0,18.0,-100,11.5
2025-11-14 03:56:38,NodoTest2,23.33,61.4,1003.0,18.0,-99,12.0
2025-11-14 03:56:38,NodoTest2,23.33,61.4,1003.0,18.0,-99,12.0
2025-11-14 03:57:38,NodoTest2,23.33,61.42,1003.0,22.0,-104,9.8
2025-11-14 03:57:38,NodoTest2,23.33,61.42,1003.0,22.0,-104,9.8
2025-11-14 03:58:39,NodoTest2,23.33,61.27,1003.0,20.0,-109,2.8
2025-11-14 03:58:39,NodoTest2,23.33,61.27,1003.0,20.0,-109,2.8
2025-11-14 03:59:39,NodoTest2,23.33,61.51,1003.0,22.0,-102,-1.3
2025-11-14 03:59:39,NodoTest2,23.33,61.51,1003.0,22.0,-102,-1.3
2025-11-14 04:00:39,NodoTest2,23.33,61.5,1003.0,18.0,-109,6.0
2025-11-14 04:00:39,NodoTest2,23.33,61.5,1003.0,18.0,-109,6.0
2025-11-14 04:01:39,NodoTest2,23.33,61.64,1003.0,18.0,-113,2.0
2025-11-14 04:01:39,NodoTest2,23.33,61.64,1003.0,18.0,-113,2.0
2025-11-14 04:02:39,NodoTest2,23.33,61.54,1003.0,22.0,-101,11.0
2025-11-14 04:02:39,NodoTest2,23.33,61.54,1003.0,22.0,-101,11.0
2025-11-14 04:03:39,NodoTest2,23.33,61.53,1003.0,22.0,-102,10.8
2025-11-14 04:03:39,NodoTest2,23.33,61.53,1003.0,22.0,-102,10.8
2025-11-14 04:04:39,NodoTest2,23.33,61.88,1003.0,22.0,-101,11.8
2025-11-14 04:04:39,NodoTest2,23.33,61.88,1003.0,22.0,-101,11.8
2025-11-14 04:05:40,NodoTest2,23.34,61.45,1003.0,22.0,-102,7.3
2025-11-14 04:05:40,NodoTest2,23.34,61.45,1003.0,22.0,-102,7.3
2025-11-14 04:06:40,NodoTest2,23.33,61.65,1003.0,20.0,-107,7.0
2025-11-14 04:06:40,NodoTest2,23.33,61.65,1003.0,20.0,-107,7.0
2025-11-14 04:07:40,NodoTest2,23.33,61.94,1003.0,22.0,-107,7.0
2025-11-14 04:07:40,NodoTest2,23.33,61.94,1003.0,22.0,-107,7.0
2025-11-14 04:08:40,NodoTest2,23.33,61.86,1003.0,20.0,-106,8.5
2025-11-14 04:08:40,NodoTest2,23.33,61.86,1003.0,20.0,-106,8.5
2025-11-14 04:09:40,NodoTest2,23.34,62.12,1003.0,22.0,-102,8.3
2025-11-14 04:09:40,NodoTest2,23.34,62.12,1003.0,22.0,-102,8.3
2025-11-14 04:10:40,NodoTest2,23.33,62.09,1003.0,22.0,-109,5.5
2025-11-14 04:10:40,NodoTest2,23.33,62.09,1003.0,22.0,-109,5.5
2025-11-14 04:11:41,NodoTest2,23.33,62.26,1003.0,20.0,-104,9.8
2025-11-14 04:11:41,NodoTest2,23.33,62.26,1003.0,20.0,-104,9.8
2025-11-14 04:12:41,NodoTest2,23.32,62.32,1003.0,18.0,-102,2.0
2025-11-14 04:12:41,NodoTest2,23.32,62.32,1003.0,18.0,-102,2.0
2025-11-14 04:13:41,NodoTest2,23.32,62.63,1003.0,20.0,-101,11.5
2025-11-14 04:13:41,NodoTest2,23.32,62.63,1003.0,20.0,-101,11.5
2025-11-14 04:14:41,NodoTest2,23.31,62.39,1003.0,22.0,-102,10.5
2025-11-14 04:14:41,NodoTest2,23.31,62.39,1003.0,22.0,-102,10.5
2025-11-14 04:15:41,NodoTest2,23.31,62.55,1003.0,20.0,-100,5.8
2025-11-14 04:15:41,NodoTest2,23.31,62.55,1003.0,20.0,-100,5.8
2025-11-14 04:16:41,NodoTest2,23.3,62.56,1003.0,20.0,-106,8.0
2025-11-14 04:16:41,NodoTest2,23.3,62.56,1003.0,20.0,-106,8.0
2025-11-14 04:17:42,NodoTest2,23.29,62.65,1003.0,22.0,-105,7.3
2025-11-14 04:17:42,NodoTest2,23.29,62.65,1003.0,22.0,-105,7.3
2025-11-14 04:18:42,NodoTest2,23.29,62.73,1003.0,22.0,-104,10.3
2025-11-14 04:18:42,NodoTest2,23.29,62.73,1003.0,22.0,-104,10.3
2025-11-14 04:19:42,NodoTest2,23.28,63.02,1003.0,20.0,-103,10.3
2025-11-14 04:19:42,NodoTest2,23.28,63.02,1003.0,20.0,-103,10.3
2025-11-14 04:20:42,NodoTest2,23.28,62.67,1003.0,18.0,-106,8.3
2025-11-14 04:20:42,NodoTest2,23.28,62.67,1003.0,18.0,-106,8.3
2025-11-14 04:21:42,NodoTest2,23.27,62.96,1003.0,20.0,-104,8.0
2025-11-14 04:21:42,NodoTest2,23.27,62.96,1003.0,20.0,-104,8.0
2025-11-14 04:22:42,NodoTest2,23.26,63.11,1003.0,22.0,-97,12.3
2025-11-14 04:22:42,NodoTest2,23.26,63.11,1003.0,22.0,-97,12.3
2025-11-14 04:23:43,NodoTest2,23.26,63.04,1003.0,18.0,-105,9.0
2025-11-14 04:23:43,NodoTest2,23.26,63.04,1003.0,18.0,-105,9.0
2025-11-14 04:24:43,NodoTest2,23.25,63.09,1003.0,20.0,-105,8.5
2025-11-14 04:24:43,NodoTest2,23.25,63.09,1003.0,20.0,-105,8.5
2025-11-14 04:25:43,NodoTest2,23.24,63.58,1003.0,20.0,-103,8.8
2025-11-14 04:25:43,NodoTest2,23.24,63.58,1003.0,20.0,-103,8.8
2025-11-14 04:26:43,NodoTest2,23.24,63.49,1003.0,20.0,-102,10.5
2025-11-14 04:26:43,NodoTest2,23.24,63.49,1003.0,20.0,-102,10.5
2025-11-14 04:27:43,NodoTest2,23.23,63.53,1003.0,22.0,-101,8.3
2025-11-14 04:27:43,NodoTest2,23.23,63.53,1003.0,22.0,-101,8.3
2025-11-14 04:28:43,NodoTest2,23.23,63.54,1003.0,22.0,-105,8.8
2025-11-14 04:28:43,NodoTest2,23.23,63.54,1003.0,22.0,-105,8.8
2025-11-14 04:29:43,NodoTest2,23.21,63.36,1003.0,22.0,-102,5.8
2025-11-14 04:29:43,NodoTest2,23.21,63.36,1003.0,22.0,-102,5.8
2025-11-14 04:30:44,NodoTest2,23.21,63.49,1003.0,22.0,-102,10.8
2025-11-14 04:30:44,NodoTest2,23.21,63.49,1003.0,22.0,-102,10.8
2025-11-14 04:31:44,NodoTest2,23.21,63.58,1003.0,20.0,-99,11.5
2025-11-14 04:31:44,NodoTest2,23.21,63.58,1003.0,20.0,-99,11.5
2025-11-14 04:32:44,NodoTest2,23.2,63.62,1003.0,22.0,-102,10.5
2025-11-14 04:32:44,NodoTest2,23.2,63.62,1003.0,22.0,-102,10.5
2025-11-14 04:33:44,NodoTest2,23.19,63.75,1003.0,20.0,-103,3.5
2025-11-14 04:33:44,NodoTest2,23.19,63.75,1003.0,20.0,-103,3.5
2025-11-14 04:34:44,NodoTest2,23.19,63.65,1003.0,18.0,-101,8.8
2025-11-14 04:34:44,NodoTest2,23.19,63.65,1003.0,18.0,-101,8.8
2025-11-14 04:35:44,NodoTest2,23.19,63.76,1003.0,22.0,-105,8.5
2025-11-14 04:35:44,NodoTest2,23.19,63.76,1003.0,22.0,-105,8.5
2025-11-14 04:36:45,NodoTest2,23.18,63.78,1003.0,22.0,-101,11.0
2025-11-14 04:36:45,NodoTest2,23.18,63.78,1003.0,22.0,-101,11.0
2025-11-14 04:37:45,NodoTest2,23.18,63.79,1003.0,18.0,-104,9.5
2025-11-14 04:37:45,NodoTest2,23.18,63.79,1003.0,18.0,-104,9.5
2025-11-14 04:38:45,NodoTest2,23.17,63.76,1003.0,22.0,-112,3.3
2025-11-14 04:38:45,NodoTest2,23.17,63.76,1003.0,22.0,-112,3.3
2025-11-14 04:39:45,NodoTest2,23.17,64.01,1003.0,22.0,-104,6.3
2025-11-14 04:39:45,NodoTest2,23.17,64.01,1003.0,22.0,-104,6.3
2025-11-14 04:40:45,NodoTest2,23.17,63.82,1003.0,18.0,-104,9.0
2025-11-14 04:40:45,NodoTest2,23.17,63.82,1003.0,18.0,-104,9.0
2025-11-14 04:41:45,NodoTest2,23.17,63.42,1003.0,20.0,-104,8.3
2025-11-14 04:41:45,NodoTest2,23.17,63.42,1003.0,20.0,-104,8.3
2025-11-14 04:42:46,NodoTest2,23.16,63.75,1003.0,22.0,-104,9.5
2025-11-14 04:42:46,NodoTest2,23.16,63.75,1003.0,22.0,-104,9.5
2025-11-14 04:43:46,NodoTest2,23.16,64.42,1003.0,22.0,-102,10.5
2025-11-14 04:43:46,NodoTest2,23.16,64.42,1003.0,22.0,-102,10.5
2025-11-14 04:44:46,NodoTest2,23.15,64.02,1003.0,22.0,-116,-3.5
2025-11-14 04:44:46,NodoTest2,23.15,64.02,1003.0,22.0,-116,-3.5
2025-11-14 04:45:46,NodoTest2,23.16,64.04,1003.0,20.0,-100,11.8
2025-11-14 04:45:46,NodoTest2,23.16,64.04,1003.0,20.0,-100,11.8
2025-11-14 04:46:46,NodoTest2,23.15,64.03,1003.0,22.0,-104,9.3
2025-11-14 04:46:46,NodoTest2,23.15,64.03,1003.0,22.0,-104,9.3
2025-11-14 04:47:46,NodoTest2,23.15,64.28,1003.0,22.0,-104,9.5
2025-11-14 04:47:46,NodoTest2,23.15,64.28,1003.0,22.0,-104,9.5
2025-11-14 04:48:46,NodoTest2,23.15,64.55,1003.0,22.0,-100,11.8
2025-11-14 04:48:46,NodoTest2,23.15,64.55,1003.0,22.0,-100,11.8
2025-11-14 04:49:47,NodoTest2,23.15,63.79,1003.0,22.0,-105,1.8
2025-11-14 04:49:47,NodoTest2,23.15,63.79,1003.0,22.0,-105,1.8
2025-11-14 04:50:47,NodoTest2,23.15,64.08,1003.0,22.0,-100,10.3
2025-11-14 04:50:47,NodoTest2,23.15,64.08,1003.0,22.0,-100,10.3
2025-11-14 04:51:47,NodoTest2,23.15,64.41,1003.0,20.0,-105,9.0
2025-11-14 04:51:47,NodoTest2,23.15,64.41,1003.0,20.0,-105,9.0
2025-11-14 04:52:47,NodoTest2,23.15,63.95,1003.0,20.0,-99,12.0
2025-11-14 04:52:47,NodoTest2,23.15,63.95,1003.0,20.0,-99,12.0
2025-11-14 04:53:47,NodoTest2,23.15,64.62,1003.0,22.0,-102,10.8
2025-11-14 04:53:47,NodoTest2,23.15,64.62,1003.0,22.0,-102,10.8
2025-11-14 04:54:47,NodoTest2,23.15,64.26,1003.0,22.0,-104,10.0
2025-11-14 04:54:47,NodoTest2,23.15,64.26,1003.0,22.0,-104,10.0
2025-11-14 04:55:48,NodoTest2,23.14,64.29,1003.0,18.0,-102,10.3
2025-11-14 04:55:48,NodoTest2,23.14,64.29,1003.0,18.0,-102,10.3
2025-11-14 04:56:48,NodoTest2,23.14,64.71,1003.0,22.0,-104,5.0
2025-11-14 04:56:48,NodoTest2,23.14,64.71,1003.0,22.0,-104,5.0
2025-11-14 04:57:48,NodoTest2,23.14,64.85,1003.0,22.0,-100,11.8
2025-11-14 04:57:48,NodoTest2,23.14,64.85,1003.0,22.0,-100,11.8
2025-11-14 04:58:48,NodoTest2,23.14,64.61,1003.0,22.0,-99,10.0
2025-11-14 04:58:48,NodoTest2,23.14,64.61,1003.0,22.0,-99,10.0
2025-11-14 04:59:48,NodoTest2,23.14,64.3,1003.0,18.0,-99,12.0
2025-11-14 04:59:48,NodoTest2,23.14,64.3,1003.0,18.0,-99,12.0
2025-11-14 05:00:48,NodoTest2,23.14,64.4,1003.0,18.0,-100,11.8
2025-11-14 05:00:48,NodoTest2,23.14,64.4,1003.0,18.0,-100,11.8
2025-11-14 05:01:48,NodoTest2,23.15,64.66,1003.0,22.0,-102,10.5
2025-11-14 05:01:48,NodoTest2,23.15,64.66,1003.0,22.0,-102,10.5
2025-11-14 05:02:49,NodoTest2,23.15,64.51,1003.0,20.0,-112,2.8
2025-11-14 05:02:49,NodoTest2,23.15,64.51,1003.0,20.0,-112,2.8
2025-11-14 05:03:49,NodoTest2,23.15,64.94,1003.0,20.0,-103,10.0
2025-11-14 05:03:49,NodoTest2,23.15,64.94,1003.0,20.0,-103,10.0
2025-11-14 05:04:49,NodoTest2,23.15,64.39,1003.0,22.0,-103,10.3
2025-11-14 05:04:49,NodoTest2,23.15,64.39,1003.0,22.0,-103,10.3
2025-11-14 05:05:49,NodoTest2,23.15,64.42,1003.0,22.0,-101,11.0
2025-11-14 05:05:49,NodoTest2,23.15,64.42,1003.0,22.0,-101,11.0
2025-11-14 05:06:49,NodoTest2,23.15,64.58,1003.0,22.0,-106,8.8
2025-11-14 05:06:49,NodoTest2,23.15,64.58,1003.0,22.0,-106,8.8
2025-11-14 05:07:49,NodoTest2,23.15,64.73,1003.0,18.0,-104,8.0
2025-11-14 05:07:49,NodoTest2,23.15,64.73,1003.0,18.0,-104,8.0
2025-11-14 05:08:49,NodoTest2,23.15,64.72,1003.0,20.0,-102,1.5
2025-11-14 05:08:49,NodoTest2,23.15,64.72,1003.0,20.0,-102,1.5
2025-11-14 05:09:50,NodoTest2,23.15,64.73,1003.0,22.0,-101,11.5
2025-11-14 05:09:50,NodoTest2,23.15,64.73,1003.0,22.0,-101,11.5
2025-11-14 05:10:50,NodoTest2,23.16,64.62,1003.0,20.0,-104,9.5
2025-11-14 05:10:50,NodoTest2,23.16,64.62,1003.0,20.0,-104,9.5
2025-11-14 05:11:50,NodoTest2,23.16,65.08,1003.0,20.0,-104,9.8
2025-11-14 05:11:50,NodoTest2,23.16,65.08,1003.0,20.0,-104,9.8
2025-11-14 05:12:50,NodoTest2,23.16,65.19,1003.0,20.0,-102,10.8
2025-11-14 05:12:50,NodoTest2,23.16,65.19,1003.0,20.0,-102,10.8
2025-11-14 05:13:50,NodoTest2,23.16,64.99,1003.0,18.0,-103,9.0
2025-11-14 05:13:50,NodoTest2,23.16,64.99,1003.0,18.0,-103,9.0
2025-11-14 05:14:50,NodoTest2,23.16,64.91,1003.0,18.0,-105,8.3
2025-11-14 05:14:50,NodoTest2,23.16,64.91,1003.0,18.0,-105,8.3
2025-11-14 05:15:51,NodoTest2,23.16,65.08,1003.0,20.0,-102,5.0
2025-11-14 05:15:51,NodoTest2,23.16,65.08,1003.0,20.0,-102,5.0
2025-11-14 05:16:51,NodoTest2,23.16,65.11,1003.0,16.0,-103,10.5
2025-11-14 05:16:51,NodoTest2,23.16,65.11,1003.0,16.0,-103,10.5
2025-11-14 05:17:51,NodoTest2,23.17,65.15,1003.0,22.0,-106,8.3
2025-11-14 05:17:51,NodoTest2,23.17,65.15,1003.0,22.0,-106,8.3
2025-11-14 05:18:51,NodoTest2,23.16,64.51,1003.0,22.0,-110,4.8
2025-11-14 05:18:51,NodoTest2,23.16,64.51,1003.0,22.0,-110,4.8
2025-11-14 05:19:51,NodoTest2,23.16,65.08,1004.0,20.0,-106,8.3
2025-11-14 05:19:51,NodoTest2,23.16,65.08,1004.0,20.0,-106,8.3
2025-11-14 05:20:51,NodoTest2,23.17,65.18,1004.0,20.0,-105,-4.3
2025-11-14 05:20:51,NodoTest2,23.17,65.18,1004.0,20.0,-105,-4.3
2025-11-14 05:21:51,NodoTest2,23.17,64.89,1004.0,22.0,-111,4.0
2025-11-14 05:21:51,NodoTest2,23.17,64.89,1004.0,22.0,-111,4.0
2025-11-14 05:22:52,NodoTest2,23.17,65.06,1004.0,20.0,-109,4.8
2025-11-14 05:22:52,NodoTest2,23.17,65.06,1004.0,20.0,-109,4.8
2025-11-14 05:23:52,NodoTest2,23.17,65.28,1004.0,22.0,-104,9.0
2025-11-14 05:23:52,NodoTest2,23.17,65.28,1004.0,22.0,-104,9.0
2025-11-14 05:24:52,NodoTest2,23.18,64.82,1004.0,22.0,-103,10.5
2025-11-14 05:24:52,NodoTest2,23.18,64.82,1004.0,22.0,-103,10.5
2025-11-14 05:25:52,NodoTest2,23.18,65.01,1004.0,22.0,-105,6.5
2025-11-14 05:25:52,NodoTest2,23.18,65.01,1004.0,22.0,-105,6.5
2025-11-14 05:26:52,NodoTest2,23.18,65.19,1004.0,22.0,-111,3.8
2025-11-14 05:26:52,NodoTest2,23.18,65.19,1004.0,22.0,-111,3.8
2025-11-14 05:27:52,NodoTest2,23.19,65.1,1004.0,20.0,-90,13.8
2025-11-14 05:27:52,NodoTest2,23.19,65.1,1004.0,20.0,-90,13.8
2025-11-14 05:28:52,NodoTest2,23.19,65.24,1004.0,22.0,-108,6.5
2025-11-14 05:28:52,NodoTest2,23.19,65.24,1004.0,22.0,-108,6.5
2025-11-14 05:29:53,NodoTest2,23.19,64.86,1004.0,22.0,-103,10.3
2025-11-14 05:29:53,NodoTest2,23.19,64.86,1004.0,22.0,-103,10.3
2025-11-14 05:30:53,NodoTest2,23.19,64.97,1004.0,20.0,-103,10.3
2025-11-14 05:30:53,NodoTest2,23.19,64.97,1004.0,20.0,-103,10.3
2025-11-14 05:31:53,NodoTest2,23.2,65.2,1004.0,22.0,-100,-1.5
2025-11-14 05:31:53,NodoTest2,23.2,65.2,1004.0,22.0,-100,-1.5
2025-11-14 05:32:53,NodoTest2,23.19,65.26,1004.0,20.0,-105,7.5
2025-11-14 05:32:53,NodoTest2,23.19,65.26,1004.0,20.0,-105,7.5
2025-11-14 05:33:53,NodoTest2,23.2,64.9,1004.0,20.0,-104,8.8
2025-11-14 05:33:53,NodoTest2,23.2,64.9,1004.0,20.0,-104,8.8
2025-11-14 05:34:53,NodoTest2,23.2,64.94,1004.0,20.0,-104,10.0
2025-11-14 05:34:53,NodoTest2,23.2,64.94,1004.0,20.0,-104,10.0
2025-11-14 05:35:54,NodoTest2,23.2,64.95,1004.0,20.0,-100,0.5
2025-11-14 05:35:54,NodoTest2,23.2,64.95,1004.0,20.0,-100,0.5
2025-11-14 05:36:54,NodoTest2,23.21,65.43,1004.0,22.0,-100,10.0
2025-11-14 05:36:54,NodoTest2,23.21,65.43,1004.0,22.0,-100,10.0
2025-11-14 05:37:54,NodoTest2,23.21,65.24,1004.0,22.0,-102,10.5
2025-11-14 05:37:54,NodoTest2,23.21,65.24,1004.0,22.0,-102,10.5
2025-11-14 05:38:54,NodoTest2,23.2,65.06,1004.0,22.0,-100,11.8
2025-11-14 05:38:54,NodoTest2,23.2,65.06,1004.0,22.0,-100,11.8
2025-11-14 05:39:54,NodoTest2,23.2,65.03,1004.0,20.0,-100,11.8
2025-11-14 05:39:54,NodoTest2,23.2,65.03,1004.0,20.0,-100,11.8
2025-11-14 05:40:54,NodoTest2,23.21,65.01,1004.0,26.0,-101,10.8
2025-11-14 05:40:54,NodoTest2,23.21,65.01,1004.0,26.0,-101,10.8
2025-11-14 05:41:54,NodoTest2,23.2,64.71,1004.0,22.0,-102,11.3
2025-11-14 05:41:54,NodoTest2,23.2,64.71,1004.0,22.0,-102,11.3
2025-11-14 05:42:54,NodoTest2,23.2,64.76,1004.0,22.0,-103,10.3
2025-11-14 05:42:54,NodoTest2,23.2,64.76,1004.0,22.0,-103,10.3
2025-11-14 05:43:54,NodoTest2,23.2,64.88,1004.0,22.0,-100,3.5
2025-11-14 05:43:54,NodoTest2,23.2,64.88,1004.0,22.0,-100,3.5
2025-11-14 05:44:55,NodoTest2,23.2,64.72,1004.0,18.0,-102,11.0
2025-11-14 05:44:55,NodoTest2,23.2,64.72,1004.0,18.0,-102,11.0
2025-11-14 05:45:55,NodoTest2,23.19,64.68,1004.0,18.0,-101,11.0
2025-11-14 05:45:55,NodoTest2,23.19,64.68,1004.0,18.0,-101,11.0
2025-11-14 05:46:55,NodoTest2,23.18,64.92,1004.0,22.0,-102,8.8
2025-11-14 05:46:55,NodoTest2,23.18,64.92,1004.0,22.0,-102,8.8
2025-11-14 05:47:55,NodoTest2,23.17,64.97,1004.0,20.0,-100,11.5
2025-11-14 05:47:55,NodoTest2,23.17,64.97,1004.0,20.0,-100,11.5
2025-11-14 05:48:55,NodoTest2,23.16,64.43,1004.0,18.0,-102,10.5
2025-11-14 05:48:55,NodoTest2,23.16,64.43,1004.0,18.0,-102,10.5
2025-11-14 05:49:55,NodoTest2,23.14,64.34,1004.0,20.0,-104,9.3
2025-11-14 05:49:55,NodoTest2,23.14,64.34,1004.0,20.0,-104,9.3
2025-11-14 05:50:55,NodoTest2,23.14,64.77,1004.0,22.0,-101,10.8
2025-11-14 05:50:55,NodoTest2,23.14,64.77,1004.0,22.0,-101,10.8
2025-11-14 05:51:55,NodoTest2,23.12,64.24,1004.0,20.0,-101,11.8
2025-11-14 05:51:55,NodoTest2,23.12,64.24,1004.0,20.0,-101,11.8
2025-11-14 05:52:56,NodoTest2,23.11,64.2,1004.0,20.0,-105,9.3
2025-11-14 05:52:56,NodoTest2,23.11,64.2,1004.0,20.0,-105,9.3
2025-11-14 05:53:56,NodoTest2,23.1,63.99,1004.0,22.0,-102,8.8
2025-11-14 05:53:56,NodoTest2,23.1,63.99,1004.0,22.0,-102,8.8
2025-11-14 05:54:56,NodoTest2,23.08,63.91,1004.0,16.0,-101,11.0
2025-11-14 05:54:56,NodoTest2,23.08,63.91,1004.0,16.0,-101,11.0
2025-11-14 05:55:56,NodoTest2,23.06,64.08,1004.0,22.0,-101,11.5
2025-11-14 05:55:56,NodoTest2,23.06,64.08,1004.0,22.0,-101,11.5
2025-11-14 05:56:56,NodoTest2,23.05,63.88,1004.0,20.0,-100,4.8
2025-11-14 05:56:56,NodoTest2,23.05,63.88,1004.0,20.0,-100,4.8
2025-11-14 05:57:56,NodoTest2,23.02,63.88,1004.0,20.0,-103,10.0
2025-11-14 05:57:56,NodoTest2,23.02,63.88,1004.0,20.0,-103,10.0
2025-11-14 05:58:57,NodoTest2,23.01,64.0,1004.0,20.0,-103,10.5
2025-11-14 05:58:57,NodoTest2,23.01,64.0,1004.0,20.0,-103,10.5
2025-11-14 05:59:57,NodoTest2,22.99,62.96,1004.0,22.0,-101,10.5
2025-11-14 05:59:57,NodoTest2,22.99,62.96,1004.0,22.0,-101,10.5
