time,deviceName,temperature,humidity,pressure_hPa,battery_mV,battery_pct,rssi,snr
2025-12-30 00:00:10,NODO 1.12,25.14,85.92,1005.0,3891.0,86.7,-106,9.0
2025-12-30 00:00:18,NODO 1.18,25.3,91.48,1004.0,3861.0,86.6,-107,7.3
2025-12-30 00:01:42,NODO 1.30,25.44,86.54,1005.0,3945.0,87.3,-115,-2.0
2025-12-30 00:01:49,NODO 1.9,25.46,83.1,1005.0,3920.0,87.6,-103,10.0
2025-12-30 00:03:15,NODO 1.1,25.09,85.01,1004.0,3891.0,87.6,-107,8.3
2025-12-30 00:04:23,NODO 1.29,25.35,83.19,1003.0,3891.0,87.6,-96,13.3
2025-12-30 00:05:50,NODO 1.27,25.37,80.95,1005.0,3621.0,85.2,-98,11.3
2025-12-30 00:09:02,NODO 1.11,25.63,82.53,1003.0,3969.0,85.4,-99,12.0
2025-12-30 00:09:20,NODO 1.32,25.8,98.74,1004.0,3949.0,85.7,-106,9.0
2025-12-30 00:09:56,NODO 1.13,25.42,81.79,1004.0,3915.0,86.0,-113,2.3
2025-12-30 00:12:01,NODO 1.10,25.27,82.09,1005.0,3905.0,86.1,-87,13.3
2025-12-30 00:13:21,NODO 1.3,25.52,81.16,1005.0,3851.0,88.4,-95,13.5
2025-12-30 00:14:47,NODO 1.24,24.25,89.27,1004.0,3920.0,87.9,-111,4.3
2025-12-30 00:15:12,NODO 1.5,25.84,82.6,1004.0,3861.0,87.0,-104,10.5
2025-12-30 00:16:43,NODO 1.8,25.7,90.45,1003.0,3891.0,86.8,-108,7.8
2025-12-30 00:16:57,NODO 1.28,25.65,92.17,1005.0,3861.0,86.3,-100,11.8
2025-12-30 00:18:32,NODO 1.19,24.44,82.86,1005.0,3905.0,86.9,-91,11.8
2025-12-30 00:20:05,NODO 1.15,24.77,96.27,1005.0,3847.0,86.2,-115,-3.0
2025-12-30 00:21:00,NODO 1.21,25.6,78.13,1005.0,3861.0,86.2,-113,2.8
2025-12-30 00:21:43,NODO 1.6,24.55,87.87,1005.0,3886.0,86.1,-92,13.5
2025-12-30 00:21:54,NODO 1.17,25.4,79.17,1004.0,3847.0,86.0,-90,14.0
2025-12-30 00:22:15,NODO 1.4,25.58,80.04,1004.0,3945.0,86.4,-98,12.8
2025-12-30 00:22:35,NODO 1.7,25.0,85.63,1004.0,3891.0,86.8,-102,10.5
2025-12-30 00:23:09,NODO 1.16,25.44,83.2,1005.0,3925.0,87.4,-117,-6.5
2025-12-30 00:23:41,NODO 1.14,25.7,85.23,1005.0,3915.0,87.7,-90,13.3
2025-12-30 00:24:35,NODO 1.26,25.63,86.54,1005.0,3886.0,88.1,-105,9.0
2025-12-30 00:25:49,NODO 1.2,25.68,92.67,1004.0,3871.0,87.4,-92,13.5
2025-12-30 00:26:22,NODO 1.31,24.8,85.62,1005.0,3871.0,87.2,-109,5.3
2025-12-30 00:27:08,NODO 1.22,25.41,84.42,1003.0,3891.0,86.8,-105,9.3
2025-12-30 00:28:12,NODO 1.20,25.81,88.04,1005.0,3891.0,86.6,-107,7.8
2025-12-30 00:30:09,NODO 1.12,25.09,86.3,1005.0,3891.0,86.7,-101,11.0
2025-12-30 00:30:14,NODO 1.18,25.19,90.73,1004.0,3861.0,86.5,-99,11.5
2025-12-30 00:31:39,NODO 1.30,25.3,87.05,1005.0,3945.0,87.3,-111,4.8
2025-12-30 00:31:43,NODO 1.9,25.5,82.98,1005.0,3920.0,87.6,-102,11.0
2025-12-30 00:33:14,NODO 1.1,24.96,84.96,1004.0,3891.0,87.6,-105,9.0
2025-12-30 00:34:18,NODO 1.29,25.2,83.87,1003.0,3891.0,87.6,-94,11.0
2025-12-30 00:35:46,NODO 1.27,25.23,81.94,1005.0,3611.0,85.1,-99,10.5
2025-12-30 00:38:56,NODO 1.11,25.5,83.1,1003.0,3974.0,85.4,-101,11.8
2025-12-30 00:39:17,NODO 1.32,25.58,100.0,1004.0,3964.0,85.8,-106,9.3
2025-12-30 00:39:51,NODO 1.13,25.31,82.45,1004.0,3900.0,85.9,-115,-1.5
2025-12-30 00:41:58,NODO 1.10,25.17,84.0,1005.0,3915.0,86.1,-87,13.5
2025-12-30 00:43:19,NODO 1.3,25.45,81.57,1004.0,3851.0,88.5,-94,11.5
2025-12-30 00:44:14,NODO 1.25,24.06,87.58,1004.0,3915.0,88.0,-117,-9.0
2025-12-30 00:44:44,NODO 1.24,24.42,89.32,1004.0,3920.0,87.5,-114,-2.3
2025-12-30 00:45:06,NODO 1.5,25.58,84.42,1004.0,3856.0,87.1,-103,10.3
2025-12-30 00:46:41,NODO 1.8,25.54,91.37,1003.0,3891.0,86.8,-98,12.8
2025-12-30 00:46:52,NODO 1.28,25.48,93.24,1004.0,3856.0,86.9,-101,10.0
2025-12-30 00:50:00,NODO 1.15,24.76,96.79,1005.0,3847.0,86.2,-116,-3.3
2025-12-30 00:50:56,NODO 1.21,25.37,79.67,1004.0,3856.0,85.6,-114,0.8
2025-12-30 00:51:38,NODO 1.6,24.42,89.55,1005.0,3886.0,85.9,-87,14.0
2025-12-30 00:51:50,NODO 1.17,25.26,80.42,1004.0,3856.0,85.5,-90,13.5
2025-12-30 00:52:10,NODO 1.4,25.42,80.8,1004.0,3945.0,86.4,-97,12.5
2025-12-30 00:52:34,NODO 1.7,24.91,86.08,1004.0,3886.0,86.8,-107,6.8
2025-12-30 00:53:06,NODO 1.16,25.43,83.11,1004.0,3935.0,87.6,-116,-2.8
2025-12-30 00:53:35,NODO 1.14,25.54,86.09,1004.0,3905.0,87.8,-90,13.5
2025-12-30 00:54:31,NODO 1.26,25.59,86.83,1005.0,3881.0,88.0,-109,6.5
2025-12-30 00:55:42,NODO 1.2,25.58,93.63,1004.0,3861.0,87.2,-96,12.5
2025-12-30 00:56:16,NODO 1.31,24.89,85.44,1004.0,3871.0,87.0,-110,5.3
2025-12-30 00:57:06,NODO 1.22,25.22,85.5,1003.0,3896.0,86.6,-99,12.0
2025-12-30 00:58:10,NODO 1.20,25.56,89.72,1005.0,3891.0,86.5,-109,6.8
2025-12-30 01:00:06,NODO 1.12,25.1,86.0,1005.0,3891.0,86.6,-103,8.3
2025-12-30 01:00:09,NODO 1.18,25.04,92.62,1004.0,3861.0,86.6,-98,12.0
2025-12-30 01:01:35,NODO 1.30,25.12,87.92,1004.0,3945.0,87.3,-112,4.0
2025-12-30 01:01:39,NODO 1.9,25.64,80.85,1005.0,3915.0,87.5,-99,10.3
2025-12-30 01:03:10,NODO 1.1,24.82,86.27,1004.0,3900.0,87.6,-109,6.5
2025-12-30 01:04:15,NODO 1.29,25.09,84.31,1003.0,3886.0,87.6,-94,13.3
2025-12-30 01:05:43,NODO 1.27,25.14,82.3,1004.0,3621.0,85.2,-96,12.8
2025-12-30 01:08:52,NODO 1.11,25.38,83.79,1003.0,3984.0,85.6,-106,8.8
2025-12-30 01:09:14,NODO 1.32,25.45,100.0,1003.0,3949.0,85.9,-104,9.3
2025-12-30 01:09:48,NODO 1.13,25.18,83.43,1004.0,3900.0,85.9,-113,1.8
2025-12-30 01:11:53,NODO 1.10,25.06,82.97,1004.0,3905.0,86.1,-87,11.5
2025-12-30 01:13:17,NODO 1.3,25.34,81.57,1004.0,3861.0,88.5,-95,13.0
2025-12-30 01:14:07,NODO 1.25,24.15,87.96,1004.0,3915.0,87.8,-116,-3.8
2025-12-30 01:14:42,NODO 1.24,24.11,90.18,1004.0,3920.0,87.5,-112,4.0
2025-12-30 01:15:01,NODO 1.5,25.62,83.58,1004.0,3861.0,87.1,-99,10.3
2025-12-30 01:16:39,NODO 1.8,25.43,92.14,1003.0,3891.0,87.0,-105,8.3
2025-12-30 01:16:48,NODO 1.28,25.45,92.3,1004.0,3851.0,86.9,-107,7.8
2025-12-30 01:18:26,NODO 1.19,24.21,84.68,1004.0,3915.0,86.9,-91,13.5
2025-12-30 01:19:54,NODO 1.15,24.66,97.0,1005.0,3847.0,86.2,-112,4.0
2025-12-30 01:20:51,NODO 1.21,25.31,78.65,1004.0,3861.0,86.2,-107,6.8
2025-12-30 01:21:34,NODO 1.6,24.38,88.94,1004.0,3871.0,86.0,-88,14.0
2025-12-30 01:21:45,NODO 1.17,25.19,80.47,1004.0,3847.0,85.9,-90,13.5
2025-12-30 01:22:05,NODO 1.4,25.35,81.03,1004.0,3945.0,86.2,-95,13.3
2025-12-30 01:22:32,NODO 1.7,24.86,86.13,1004.0,3891.0,86.7,-103,10.8
2025-12-30 01:23:04,NODO 1.16,25.38,82.91,1004.0,3925.0,87.3,-110,4.0
2025-12-30 01:23:31,NODO 1.14,25.46,87.01,1004.0,3915.0,87.7,-91,13.8
2025-12-30 01:24:26,NODO 1.26,25.47,86.94,1004.0,3886.0,88.1,-111,4.3
2025-12-30 01:25:36,NODO 1.2,25.46,93.65,1003.0,3871.0,87.4,-93,11.0
2025-12-30 01:26:13,NODO 1.31,24.82,84.89,1004.0,3871.0,87.2,-110,5.3
2025-12-30 01:27:02,NODO 1.22,25.21,85.33,1003.0,3896.0,86.9,-98,12.5
2025-12-30 01:28:06,NODO 1.20,25.64,89.93,1005.0,3886.0,86.6,-114,0.3
2025-12-30 01:30:03,NODO 1.12,25.02,86.26,1004.0,3891.0,86.7,-102,10.8
2025-12-30 01:30:06,NODO 1.18,24.99,91.68,1004.0,3861.0,86.5,-101,11.5
2025-12-30 01:31:32,NODO 1.30,25.13,87.37,1004.0,3945.0,87.3,-109,4.8
2025-12-30 01:31:35,NODO 1.9,25.58,81.51,1004.0,3920.0,87.5,-101,12.0
2025-12-30 01:33:07,NODO 1.1,24.86,85.57,1003.0,3900.0,87.7,-110,5.0
2025-12-30 01:34:10,NODO 1.29,25.07,84.1,1003.0,3886.0,87.6,-95,13.5
2025-12-30 01:35:39,NODO 1.27,25.06,83.43,1004.0,3621.0,85.2,-97,12.8
2025-12-30 01:38:49,NODO 1.11,25.32,83.79,1003.0,3984.0,85.6,-103,9.8
2025-12-30 01:39:09,NODO 1.32,25.47,100.0,1003.0,3964.0,86.0,-105,9.3
2025-12-30 01:39:44,NODO 1.13,25.21,82.88,1004.0,3900.0,86.0,-114,-0.3
2025-12-30 01:41:48,NODO 1.10,25.02,84.35,1004.0,3915.0,86.3,-87,13.5
2025-12-30 01:43:14,NODO 1.3,25.33,81.66,1004.0,3861.0,88.7,-95,13.8
2025-12-30 01:44:00,NODO 1.25,24.46,86.17,1004.0,3915.0,88.0,-116,-2.8
2025-12-30 01:44:40,NODO 1.24,24.17,89.59,1004.0,3920.0,87.6,-112,3.5
2025-12-30 01:44:58,NODO 1.5,25.69,82.43,1003.0,3861.0,87.2,-100,12.0
2025-12-30 01:46:38,NODO 1.8,25.4,91.16,1003.0,3891.0,87.0,-104,10.3
2025-12-30 01:46:43,NODO 1.28,25.41,92.5,1004.0,3861.0,87.0,-105,9.3
2025-12-30 01:48:22,NODO 1.19,24.21,84.42,1004.0,3905.0,86.9,-85,14.0
2025-12-30 01:49:50,NODO 1.15,24.64,96.77,1005.0,3847.0,86.2,-114,0.5
2025-12-30 01:50:47,NODO 1.21,25.23,79.12,1004.0,3861.0,86.2,-110,5.5
2025-12-30 01:51:31,NODO 1.6,24.3,87.44,1004.0,3881.0,86.0,-88,14.3
2025-12-30 01:51:42,NODO 1.17,25.13,80.04,1003.0,3861.0,86.0,-89,13.3
2025-12-30 01:52:00,NODO 1.4,25.31,80.59,1004.0,3935.0,86.3,-98,12.0
2025-12-30 01:52:29,NODO 1.7,24.8,86.35,1004.0,3886.0,86.7,-103,10.5
2025-12-30 01:53:03,NODO 1.16,25.39,82.32,1004.0,3925.0,87.4,-116,-2.8
2025-12-30 01:53:26,NODO 1.14,25.28,88.23,1004.0,3915.0,87.7,-93,13.3
2025-12-30 01:54:22,NODO 1.26,25.47,86.75,1004.0,3886.0,88.0,-111,4.3
2025-12-30 01:55:32,NODO 1.2,25.4,93.16,1003.0,3871.0,87.3,-91,14.0
2025-12-30 01:56:07,NODO 1.31,24.92,84.29,1004.0,3871.0,87.2,-109,6.3
2025-12-30 01:56:58,NODO 1.22,25.16,85.78,1003.0,3891.0,86.8,-99,12.3
2025-12-30 01:58:02,NODO 1.20,25.64,88.32,1004.0,3886.0,86.5,-114,0.5
2025-12-30 01:59:59,NODO 1.18,24.84,94.36,1003.0,3861.0,86.3,-102,11.0
2025-12-30 02:00:01,NODO 1.12,25.01,85.85,1004.0,3891.0,86.5,-105,9.3
2025-12-30 02:01:26,NODO 1.30,25.01,88.04,1004.0,3945.0,87.2,-111,4.0
2025-12-30 02:01:33,NODO 1.9,25.51,80.93,1004.0,3915.0,87.5,-103,10.3
2025-12-30 02:03:05,NODO 1.1,24.84,85.08,1003.0,3900.0,87.6,-106,8.5
2025-12-30 02:04:04,NODO 1.29,25.04,83.96,1002.0,3891.0,87.9,-96,13.0
2025-12-30 02:05:36,NODO 1.27,25.03,82.83,1004.0,3621.0,85.2,-95,13.5
2025-12-30 02:08:44,NODO 1.11,25.29,82.99,1002.0,3969.0,85.5,-100,12.3
2025-12-30 02:09:06,NODO 1.32,25.45,99.57,1003.0,3949.0,85.8,-106,8.5
2025-12-30 02:09:41,NODO 1.13,25.08,83.24,1003.0,3915.0,86.0,-115,-1.8
2025-12-30 02:11:44,NODO 1.10,24.97,83.59,1004.0,3915.0,86.2,-86,13.8
2025-12-30 02:13:11,NODO 1.3,25.28,81.68,1004.0,3851.0,88.5,-95,13.8
2025-12-30 02:13:54,NODO 1.25,24.08,85.34,1003.0,3915.0,88.0,-116,-3.3
2025-12-30 02:14:38,NODO 1.24,24.08,89.7,1003.0,3920.0,87.7,-112,4.0
2025-12-30 02:14:50,NODO 1.5,25.31,84.95,1003.0,3861.0,87.1,-103,10.8
2025-12-30 02:16:35,NODO 1.8,25.32,91.6,1002.0,3891.0,86.9,-104,10.3
2025-12-30 02:16:38,NODO 1.28,25.35,93.01,1004.0,3851.0,86.9,-104,9.5
2025-12-30 02:18:20,NODO 1.19,24.15,84.3,1004.0,3915.0,86.9,-89,14.0
2025-12-30 02:19:47,NODO 1.15,24.59,96.37,1004.0,3847.0,86.2,-116,-2.8
2025-12-30 02:20:45,NODO 1.21,25.08,77.9,1004.0,3856.0,86.1,-113,2.5
2025-12-30 02:21:26,NODO 1.6,24.22,90.03,1004.0,3881.0,86.0,-89,11.8
2025-12-30 02:21:37,NODO 1.17,24.99,80.54,1003.0,3851.0,86.0,-90,14.0
2025-12-30 02:21:57,NODO 1.4,25.15,81.04,1003.0,3935.0,86.2,-100,12.0
2025-12-30 02:22:26,NODO 1.7,24.69,85.79,1003.0,3891.0,86.6,-101,11.0
2025-12-30 02:23:02,NODO 1.16,25.35,81.6,1004.0,3930.0,87.4,-113,1.8
2025-12-30 02:23:21,NODO 1.14,25.24,87.6,1004.0,3905.0,87.6,-90,13.3
2025-12-30 02:24:18,NODO 1.26,25.41,86.15,1004.0,3871.0,87.8,-110,5.0
2025-12-30 02:25:32,NODO 1.2,25.3,92.5,1003.0,3871.0,87.2,-93,13.5
2025-12-30 02:26:05,NODO 1.31,24.91,84.07,1004.0,3871.0,87.0,-115,-1.0
2025-12-30 02:26:55,NODO 1.22,25.04,85.68,1003.0,3891.0,86.6,-97,13.0
2025-12-30 02:27:58,NODO 1.20,25.65,87.67,1004.0,3891.0,86.5,-106,8.5
2025-12-30 02:29:55,NODO 1.18,24.71,91.22,1003.0,3861.0,86.3,-99,11.8
2025-12-30 02:29:58,NODO 1.12,24.91,85.52,1004.0,3891.0,86.5,-101,11.3
2025-12-30 02:31:22,NODO 1.30,24.79,89.09,1004.0,3935.0,87.2,-110,5.8
2025-12-30 02:31:28,NODO 1.9,25.41,80.98,1004.0,3915.0,87.4,-101,11.8
2025-12-30 02:33:03,NODO 1.1,24.78,84.82,1003.0,3900.0,87.5,-106,7.5
2025-12-30 02:33:59,NODO 1.29,24.9,83.27,1002.0,3891.0,87.8,-104,10.0
2025-12-30 02:35:31,NODO 1.27,24.86,82.91,1004.0,3606.0,85.0,-97,13.0
2025-12-30 02:38:41,NODO 1.11,25.18,82.72,1002.0,3974.0,85.4,-105,9.3
2025-12-30 02:39:04,NODO 1.32,25.36,99.51,1003.0,3949.0,85.7,-105,8.3
2025-12-30 02:39:36,NODO 1.13,24.9,83.87,1003.0,3900.0,85.7,-113,-7.3
2025-12-30 02:41:39,NODO 1.10,24.83,83.61,1004.0,3905.0,85.8,-87,14.0
2025-12-30 02:43:05,NODO 1.3,25.13,81.93,1004.0,3851.0,88.3,-95,11.5
2025-12-30 02:43:45,NODO 1.25,24.08,87.77,1003.0,3915.0,87.7,-113,1.5
2025-12-30 02:44:36,NODO 1.24,23.95,89.62,1003.0,3920.0,87.4,-111,4.8
2025-12-30 02:44:45,NODO 1.5,25.16,84.92,1003.0,3861.0,87.0,-100,11.8
2025-12-30 02:46:32,NODO 1.8,25.18,92.13,1002.0,3891.0,86.9,-98,12.8
2025-12-30 02:46:36,NODO 1.28,25.13,93.59,1003.0,3847.0,86.8,-101,11.5
2025-12-30 02:48:15,NODO 1.19,24.03,85.06,1003.0,3905.0,86.7,-84,14.3
2025-12-30 02:49:44,NODO 1.15,24.51,96.86,1004.0,3847.0,86.0,-114,1.0
2025-12-30 02:50:41,NODO 1.21,24.94,78.25,1003.0,3856.0,86.0,-111,3.5
2025-12-30 02:51:23,NODO 1.6,24.08,90.36,1004.0,3871.0,85.8,-88,13.8
2025-12-30 02:51:32,NODO 1.17,24.83,80.75,1003.0,3851.0,85.8,-90,13.5
2025-12-30 02:51:52,NODO 1.4,24.98,82.47,1003.0,3935.0,86.1,-98,12.3
2025-12-30 02:52:24,NODO 1.7,24.63,86.57,1003.0,3886.0,86.5,-104,10.8
2025-12-30 02:53:17,NODO 1.14,25.02,88.62,1003.0,3915.0,87.1,-90,12.8
2025-12-30 02:54:14,NODO 1.26,25.3,87.27,1004.0,3871.0,87.1,-104,10.3
2025-12-30 02:55:27,NODO 1.2,25.15,93.18,1003.0,3871.0,87.3,-91,13.3
2025-12-30 02:56:02,NODO 1.31,24.86,84.21,1003.0,3861.0,86.5,-109,4.8
2025-12-30 02:56:51,NODO 1.22,24.91,85.59,1002.0,3896.0,86.6,-100,11.8
2025-12-30 02:57:53,NODO 1.20,25.59,88.07,1004.0,3886.0,86.3,-117,-4.5
2025-12-30 02:59:51,NODO 1.18,24.6,92.18,1003.0,3871.0,86.3,-98,12.8
2025-12-30 02:59:54,NODO 1.12,24.74,86.73,1004.0,3891.0,86.5,-102,9.5
2025-12-30 03:01:18,NODO 1.30,24.71,88.95,1003.0,3945.0,87.4,-115,-0.5
2025-12-30 03:01:22,NODO 1.9,25.16,83.37,1004.0,3915.0,87.6,-102,10.5
2025-12-30 03:03:01,NODO 1.1,24.61,86.29,1003.0,3891.0,87.6,-105,9.0
2025-12-30 03:03:53,NODO 1.29,24.76,84.49,1002.0,3891.0,87.8,-95,11.5
2025-12-30 03:05:28,NODO 1.27,24.78,82.38,1003.0,3621.0,85.1,-101,10.3
2025-12-30 03:08:36,NODO 1.11,25.09,83.74,1002.0,3984.0,85.5,-98,10.8
2025-12-30 03:09:00,NODO 1.32,25.23,99.57,1003.0,3964.0,86.0,-106,8.5
2025-12-30 03:09:30,NODO 1.13,24.81,84.11,1003.0,3900.0,86.1,-115,-1.3
2025-12-30 03:11:33,NODO 1.10,24.75,83.27,1004.0,3905.0,86.2,-86,13.8
2025-12-30 03:13:01,NODO 1.3,25.05,82.42,1003.0,3851.0,88.5,-94,13.3
2025-12-30 03:13:38,NODO 1.25,23.86,87.69,1003.0,3915.0,87.8,-114,1.3
2025-12-30 03:14:33,NODO 1.24,23.86,90.28,1003.0,3925.0,87.5,-110,4.0
2025-12-30 03:14:41,NODO 1.5,24.93,87.03,1003.0,3861.0,87.1,-102,10.3
2025-12-30 03:16:29,NODO 1.8,25.03,92.97,1002.0,3891.0,86.9,-101,12.0
2025-12-30 03:16:33,NODO 1.28,25.02,94.07,1003.0,3861.0,87.0,-105,7.8
2025-12-30 03:18:13,NODO 1.19,23.88,83.58,1004.0,3915.0,87.0,-86,13.5
2025-12-30 03:19:38,NODO 1.15,24.4,97.37,1004.0,3847.0,86.2,-114,2.0
2025-12-30 03:20:38,NODO 1.21,24.82,78.02,1003.0,3856.0,86.2,-111,4.3
2025-12-30 03:21:17,NODO 1.6,23.98,91.27,1004.0,3881.0,86.1,-86,13.5
2025-12-30 03:21:27,NODO 1.17,24.72,81.57,1003.0,3851.0,86.0,-90,13.3
2025-12-30 03:21:47,NODO 1.4,24.84,82.41,1003.0,3935.0,86.2,-99,12.3
2025-12-30 03:22:23,NODO 1.7,24.53,86.21,1003.0,3886.0,86.6,-102,11.0
2025-12-30 03:23:12,NODO 1.14,25.04,88.51,1004.0,3905.0,87.1,-92,12.8
2025-12-30 03:24:09,NODO 1.26,25.2,87.35,1004.0,3886.0,87.1,-107,4.5
2025-12-30 03:25:21,NODO 1.2,25.02,94.62,1003.0,3871.0,87.3,-92,13.3
2025-12-30 03:25:56,NODO 1.31,24.74,84.45,1003.0,3871.0,86.7,-110,5.5
2025-12-30 03:26:46,NODO 1.22,24.79,86.06,1002.0,3891.0,86.7,-101,11.5
2025-12-30 03:27:50,NODO 1.20,25.34,89.35,1004.0,3886.0,86.5,-108,5.5
2025-12-30 03:29:48,NODO 1.18,24.54,93.1,1003.0,3861.0,86.3,-108,6.3
2025-12-30 03:29:51,NODO 1.12,24.69,86.74,1004.0,3891.0,86.5,-103,10.5
2025-12-30 03:31:15,NODO 1.30,24.59,89.39,1004.0,3945.0,87.2,-116,-3.5
2025-12-30 03:31:18,NODO 1.9,25.07,83.49,1004.0,3920.0,87.5,-103,10.5
2025-12-30 03:32:58,NODO 1.1,24.51,86.02,1003.0,3900.0,87.7,-107,8.3
2025-12-30 03:33:48,NODO 1.29,24.69,85.33,1002.0,3896.0,88.0,-94,13.0
2025-12-30 03:35:23,NODO 1.27,24.6,84.31,1004.0,3621.0,85.3,-98,12.5
2025-12-30 03:38:32,NODO 1.11,24.97,84.19,1002.0,3969.0,85.6,-112,3.3
2025-12-30 03:38:58,NODO 1.32,25.15,99.81,1003.0,3959.0,86.0,-105,7.5
2025-12-30 03:39:28,NODO 1.13,24.77,83.77,1003.0,3900.0,86.0,-112,3.5
2025-12-30 03:41:28,NODO 1.10,24.63,83.48,1004.0,3905.0,86.0,-87,13.5
2025-12-30 03:42:55,NODO 1.3,24.97,81.95,1004.0,3851.0,88.3,-95,13.3
2025-12-30 03:43:32,NODO 1.25,23.86,87.63,1003.0,3915.0,87.8,-115,-9.5
2025-12-30 03:44:37,NODO 1.5,25.0,85.9,1003.0,3871.0,86.9,-108,7.3
2025-12-30 03:46:25,NODO 1.8,24.98,92.04,1002.0,3891.0,86.8,-98,12.8
2025-12-30 03:46:27,NODO 1.28,25.04,93.15,1003.0,3851.0,86.3,-113,2.8
2025-12-30 03:48:10,NODO 1.19,23.81,85.75,1004.0,3905.0,86.8,-86,14.0
2025-12-30 03:49:32,NODO 1.15,24.34,96.84,1004.0,3847.0,86.2,-116,-6.0
2025-12-30 03:50:36,NODO 1.21,24.75,78.86,1004.0,3861.0,86.0,-112,1.8
2025-12-30 03:51:13,NODO 1.6,23.96,91.35,1004.0,3886.0,86.0,-94,13.5
2025-12-30 03:51:22,NODO 1.17,24.67,81.69,1003.0,3856.0,86.0,-91,11.8
2025-12-30 03:51:42,NODO 1.4,24.77,83.12,1003.0,3935.0,86.3,-110,6.3
2025-12-30 03:52:23,NODO 1.7,24.42,86.66,1003.0,3886.0,86.7,-103,10.8
2025-12-30 03:52:55,NODO 1.16,25.11,82.1,1003.0,3925.0,87.4,-111,4.8
2025-12-30 03:53:08,NODO 1.14,25.0,88.39,1004.0,3915.0,87.7,-91,11.5
2025-12-30 03:54:06,NODO 1.26,25.14,86.96,1004.0,3886.0,88.0,-110,5.5
2025-12-30 03:55:14,NODO 1.2,24.97,93.23,1003.0,3861.0,87.2,-94,11.0
2025-12-30 03:55:49,NODO 1.31,24.67,85.01,1004.0,3861.0,87.0,-111,4.5
2025-12-30 03:56:42,NODO 1.22,24.72,85.85,1002.0,3891.0,86.6,-99,12.0
2025-12-30 03:57:46,NODO 1.20,25.37,88.0,1004.0,3891.0,86.4,-119,-7.3
2025-12-30 03:59:44,NODO 1.18,24.44,92.3,1003.0,3861.0,86.2,-101,11.3
2025-12-30 03:59:46,NODO 1.12,24.57,86.88,1004.0,3891.0,86.5,-103,10.8
2025-12-30 04:01:12,NODO 1.9,25.05,82.79,1004.0,3915.0,87.0,-99,10.5
2025-12-30 04:01:13,NODO 1.30,24.51,89.73,1004.0,3935.0,87.4,-113,3.0
2025-12-30 04:02:56,NODO 1.1,24.49,85.11,1003.0,3891.0,87.4,-106,8.5
2025-12-30 04:03:45,NODO 1.29,24.62,84.69,1002.0,3891.0,87.7,-94,13.3
2025-12-30 04:05:18,NODO 1.27,24.48,84.67,1004.0,3621.0,85.0,-96,12.8
2025-12-30 04:08:30,NODO 1.11,24.9,83.91,1002.0,3984.0,85.7,-106,8.8
2025-12-30 04:08:54,NODO 1.32,25.16,98.45,1003.0,3949.0,85.9,-106,8.8
2025-12-30 04:09:24,NODO 1.13,24.6,84.88,1003.0,3900.0,86.0,-112,4.0
2025-12-30 04:11:23,NODO 1.10,24.53,84.53,1004.0,3900.0,86.0,-86,14.3
2025-12-30 04:12:52,NODO 1.3,24.79,82.43,1004.0,3851.0,88.3,-94,13.5
2025-12-30 04:13:26,NODO 1.25,23.41,87.58,1004.0,3915.0,87.7,-116,-2.8
2025-12-30 04:14:26,NODO 1.24,23.48,91.44,1004.0,3920.0,87.4,-112,4.3
2025-12-30 04:14:31,NODO 1.5,24.8,86.3,1003.0,3861.0,87.0,-100,12.0
2025-12-30 04:16:22,NODO 1.8,24.96,92.31,1003.0,3891.0,86.9,-100,12.0
2025-12-30 04:16:24,NODO 1.28,25.04,92.88,1004.0,3851.0,86.9,-105,9.0
2025-12-30 04:18:06,NODO 1.19,23.75,85.56,1004.0,3915.0,86.9,-89,13.8
2025-12-30 04:19:28,NODO 1.15,24.3,96.13,1005.0,3847.0,86.2,-113,-0.3
2025-12-30 04:20:31,NODO 1.21,24.75,79.24,1004.0,3861.0,86.2,-108,6.5
2025-12-30 04:21:07,NODO 1.6,23.8,91.43,1004.0,3881.0,86.0,-91,11.5
2025-12-30 04:21:17,NODO 1.17,24.51,81.54,1003.0,3851.0,86.0,-92,13.5
2025-12-30 04:21:37,NODO 1.4,24.63,82.86,1004.0,3935.0,86.2,-101,11.3
2025-12-30 04:22:23,NODO 1.7,24.27,87.12,1004.0,3886.0,86.6,-104,8.5
2025-12-30 04:22:52,NODO 1.16,25.18,81.29,1004.0,3925.0,87.3,-117,-8.8
2025-12-30 04:23:03,NODO 1.14,24.96,87.62,1004.0,3915.0,87.6,-93,13.3
2025-12-30 04:24:00,NODO 1.26,24.96,87.22,1004.0,3886.0,88.0,-109,6.3
2025-12-30 04:25:10,NODO 1.2,24.82,92.68,1003.0,3861.0,87.2,-91,13.8
2025-12-30 04:25:46,NODO 1.31,24.49,84.85,1004.0,3861.0,87.0,-110,5.8
2025-12-30 04:26:37,NODO 1.22,24.48,86.74,1003.0,3891.0,86.6,-98,10.5
2025-12-30 04:27:41,NODO 1.20,25.22,88.63,1004.0,3891.0,86.4,-109,6.5
2025-12-30 04:29:39,NODO 1.18,24.37,93.53,1003.0,3856.0,86.1,-106,8.8
2025-12-30 04:29:43,NODO 1.12,24.53,86.42,1004.0,3891.0,86.4,-101,11.0
2025-12-30 04:31:08,NODO 1.9,24.96,82.18,1004.0,3920.0,87.0,-101,11.5
2025-12-30 04:31:08,NODO 1.30,24.39,90.06,1004.0,3935.0,87.4,-111,4.5
2025-12-30 04:32:56,NODO 1.1,24.42,85.74,1003.0,3900.0,87.5,-105,9.3
2025-12-30 04:33:40,NODO 1.29,24.5,84.81,1003.0,3886.0,87.8,-93,13.8
2025-12-30 04:35:14,NODO 1.27,24.35,84.22,1004.0,3606.0,85.0,-99,12.0
2025-12-30 04:38:25,NODO 1.11,24.69,85.13,1002.0,3974.0,85.5,-98,11.8
2025-12-30 04:38:52,NODO 1.32,25.14,99.42,1003.0,3964.0,85.8,-107,7.3
2025-12-30 04:41:18,NODO 1.10,24.4,83.72,1004.0,3905.0,85.8,-86,13.8
2025-12-30 04:42:49,NODO 1.3,24.61,82.88,1004.0,3851.0,85.5,-94,13.3
2025-12-30 04:43:19,NODO 1.25,23.1,88.46,1004.0,3915.0,88.6,-117,-6.0
2025-12-30 04:44:22,NODO 1.24,23.14,91.38,1004.0,3920.0,88.0,-115,-1.5
2025-12-30 04:44:28,NODO 1.5,24.59,86.93,1003.0,3861.0,87.0,-98,12.3
2025-12-30 04:46:20,NODO 1.28,24.74,94.12,1004.0,3851.0,86.5,-106,8.3
2025-12-30 04:46:20,NODO 1.8,24.7,93.3,1003.0,3891.0,86.9,-106,7.3
2025-12-30 04:48:01,NODO 1.19,23.53,85.19,1004.0,3905.0,86.8,-85,13.3
2025-12-30 04:49:22,NODO 1.15,24.13,96.61,1005.0,3851.0,86.1,-117,-9.3
2025-12-30 04:50:26,NODO 1.21,24.65,79.73,1004.0,3856.0,86.0,-110,5.5
2025-12-30 04:51:02,NODO 1.6,23.6,91.83,1004.0,3871.0,86.2,-88,13.5
2025-12-30 04:51:14,NODO 1.17,24.34,82.12,1003.0,3851.0,85.8,-90,13.0
2025-12-30 04:51:33,NODO 1.4,24.43,83.53,1004.0,3935.0,86.1,-102,8.8
2025-12-30 04:52:22,NODO 1.7,24.13,87.68,1004.0,3891.0,86.5,-104,9.5
2025-12-30 04:52:49,NODO 1.16,24.92,82.6,1004.0,3915.0,87.1,-117,-5.8
2025-12-30 04:52:58,NODO 1.14,24.79,87.72,1004.0,3915.0,87.6,-92,13.5
2025-12-30 04:53:55,NODO 1.26,24.81,87.83,1004.0,3871.0,87.8,-108,7.5
2025-12-30 04:55:07,NODO 1.2,24.68,93.15,1003.0,3871.0,87.1,-97,12.8
2025-12-30 04:55:41,NODO 1.31,24.44,85.04,1004.0,3861.0,86.8,-111,4.0
2025-12-30 04:56:33,NODO 1.22,24.26,87.37,1003.0,3891.0,86.6,-99,12.3
2025-12-30 04:57:38,NODO 1.20,25.11,88.83,1005.0,3891.0,86.3,-107,7.5
2025-12-30 04:59:34,NODO 1.18,24.23,93.21,1004.0,3861.0,86.2,-101,11.5
2025-12-30 04:59:40,NODO 1.12,24.39,86.81,1004.0,3891.0,86.5,-101,11.0
2025-12-30 05:01:06,NODO 1.30,24.23,90.47,1004.0,3945.0,87.3,-110,5.5
2025-12-30 05:01:06,NODO 1.9,24.77,83.62,1004.0,3915.0,87.5,-101,11.0
2025-12-30 05:02:53,NODO 1.1,24.16,86.4,1003.0,3900.0,87.6,-105,9.5
2025-12-30 05:03:35,NODO 1.29,24.34,84.83,1003.0,3891.0,87.9,-96,13.0
2025-12-30 05:05:10,NODO 1.27,24.22,84.13,1004.0,3621.0,85.2,-102,9.3
2025-12-30 05:08:21,NODO 1.11,24.64,84.41,1003.0,3974.0,85.5,-100,11.5
2025-12-30 05:08:50,NODO 1.32,24.99,99.42,1003.0,3949.0,85.8,-106,8.8
2025-12-30 05:09:17,NODO 1.13,24.25,85.16,1004.0,3900.0,85.8,-116,-2.3
2025-12-30 05:11:13,NODO 1.10,24.28,85.07,1004.0,3905.0,86.0,-86,11.0
2025-12-30 05:12:46,NODO 1.3,24.37,83.8,1004.0,3851.0,88.3,-94,12.8
2025-12-30 05:13:12,NODO 1.25,22.98,89.93,1004.0,3915.0,87.7,-115,-1.8
2025-12-30 05:14:22,NODO 1.24,22.92,92.93,1004.0,3915.0,87.4,-110,4.8
2025-12-30 05:14:24,NODO 1.5,24.56,86.05,1004.0,3861.0,87.0,-104,10.3
2025-12-30 05:16:14,NODO 1.28,24.58,94.46,1004.0,3851.0,86.4,-110,5.3
2025-12-30 05:16:18,NODO 1.8,24.49,93.46,1003.0,3891.0,86.8,-107,8.8
2025-12-30 05:17:59,NODO 1.19,23.29,85.39,1004.0,3905.0,86.7,-93,13.5
2025-12-30 05:20:22,NODO 1.21,24.47,79.86,1004.0,3861.0,86.2,-111,4.8
2025-12-30 05:20:57,NODO 1.6,23.37,92.47,1004.0,3871.0,86.3,-90,13.5
2025-12-30 05:21:09,NODO 1.17,24.16,82.58,1004.0,3851.0,86.3,-92,13.3
2025-12-30 05:21:29,NODO 1.4,24.23,83.75,1004.0,3935.0,86.7,-98,12.5
2025-12-30 05:22:21,NODO 1.7,23.98,87.49,1004.0,3886.0,86.5,-103,10.5
2025-12-30 05:22:46,NODO 1.16,24.5,83.92,1004.0,3925.0,87.2,-113,2.0
2025-12-30 05:22:53,NODO 1.14,24.69,88.47,1004.0,3915.0,87.6,-90,13.0
2025-12-30 05:23:49,NODO 1.26,24.55,88.96,1004.0,3886.0,88.0,-105,9.0
2025-12-30 05:25:02,NODO 1.2,24.5,93.18,1003.0,3871.0,87.3,-95,14.0
2025-12-30 05:25:34,NODO 1.31,24.15,85.57,1004.0,3861.0,87.1,-110,5.0
2025-12-30 05:26:29,NODO 1.22,23.96,88.72,1003.0,3891.0,86.7,-98,10.8
2025-12-30 05:27:33,NODO 1.20,24.71,91.01,1005.0,3891.0,86.5,-109,6.0
2025-12-30 05:29:30,NODO 1.18,24.07,94.2,1004.0,3861.0,86.2,-98,12.3
2025-12-30 05:29:38,NODO 1.12,24.2,87.27,1005.0,3891.0,86.5,-102,9.8
2025-12-30 05:31:00,NODO 1.9,24.71,82.16,1005.0,3920.0,87.0,-100,12.0
2025-12-30 05:31:03,NODO 1.30,24.06,90.37,1004.0,3945.0,87.6,-108,7.0
2025-12-30 05:32:47,NODO 1.1,24.02,86.45,1003.0,3896.0,87.6,-108,7.3
2025-12-30 05:33:27,NODO 1.29,24.13,85.54,1003.0,3891.0,87.9,-93,13.5
2025-12-30 05:35:07,NODO 1.27,24.03,84.29,1004.0,3621.0,85.2,-97,12.5
2025-12-30 05:38:17,NODO 1.11,24.53,84.37,1003.0,3984.0,85.9,-103,10.3
2025-12-30 05:38:48,NODO 1.32,24.8,100.0,1004.0,3949.0,85.9,-107,8.3
2025-12-30 05:39:13,NODO 1.13,24.12,84.57,1004.0,3896.0,85.9,-114,0.8
2025-12-30 05:41:09,NODO 1.10,24.08,84.22,1005.0,3905.0,86.0,-86,13.8
2025-12-30 05:42:38,NODO 1.3,24.26,84.18,1004.0,3847.0,88.3,-93,13.0
2025-12-30 05:44:19,NODO 1.24,22.76,93.49,1004.0,3920.0,87.7,-111,4.3
2025-12-30 05:44:21,NODO 1.5,24.22,88.11,1004.0,3861.0,86.8,-98,12.8
2025-12-30 05:46:10,NODO 1.28,24.44,94.91,1004.0,3851.0,86.3,-106,8.8
2025-12-30 05:46:14,NODO 1.8,24.26,94.51,1003.0,3891.0,86.2,-107,8.3
2025-12-30 05:47:54,NODO 1.19,23.07,85.91,1004.0,3905.0,86.8,-91,11.8
2025-12-30 05:50:17,NODO 1.21,24.31,79.24,1004.0,3856.0,86.1,-115,-2.5
2025-12-30 05:50:52,NODO 1.6,23.14,93.78,1005.0,3871.0,86.2,-88,14.0
2025-12-30 05:51:05,NODO 1.17,24.02,83.25,1004.0,3856.0,86.3,-91,13.3
2025-12-30 05:51:24,NODO 1.4,24.06,83.45,1004.0,3935.0,86.7,-100,12.0
2025-12-30 05:52:17,NODO 1.7,23.85,87.72,1004.0,3886.0,86.5,-103,10.8
2025-12-30 05:52:43,NODO 1.16,24.28,84.86,1004.0,3925.0,87.2,-117,-7.0
2025-12-30 05:52:47,NODO 1.14,24.59,88.54,1004.0,3915.0,87.7,-93,13.0
2025-12-30 05:54:55,NODO 1.2,24.34,93.44,1004.0,3871.0,87.8,-90,13.5
2025-12-30 05:55:29,NODO 1.31,24.06,85.92,1004.0,3861.0,87.1,-109,4.8
2025-12-30 05:56:24,NODO 1.22,23.89,88.82,1003.0,3891.0,87.1,-98,11.8
2025-12-30 05:57:28,NODO 1.20,24.59,90.58,1005.0,3886.0,86.7,-106,7.8
2025-12-30 05:59:27,NODO 1.18,23.93,94.04,1004.0,3861.0,86.2,-105,9.3
2025-12-30 05:59:34,NODO 1.12,24.04,88.5,1005.0,3891.0,86.4,-102,9.3
2025-12-30 06:00:56,NODO 1.9,24.6,82.28,1005.0,3915.0,86.9,-99,11.8
2025-12-30 06:00:59,NODO 1.30,23.9,90.91,1005.0,3935.0,87.4,-109,6.5
2025-12-30 06:02:45,NODO 1.1,23.86,87.46,1004.0,3900.0,87.5,-110,6.5
2025-12-30 06:03:19,NODO 1.29,23.97,86.08,1003.0,3896.0,87.9,-96,13.0
2025-12-30 06:05:04,NODO 1.27,23.85,85.4,1005.0,3621.0,85.2,-98,12.5
2025-12-30 06:08:13,NODO 1.11,24.41,84.91,1003.0,3969.0,85.7,-100,12.0
2025-12-30 06:08:46,NODO 1.32,24.66,100.0,1004.0,3959.0,86.0,-107,8.5
2025-12-30 06:09:09,NODO 1.13,23.97,85.99,1004.0,3900.0,86.0,-116,-6.5
2025-12-30 06:11:03,NODO 1.10,23.93,86.04,1005.0,3900.0,86.0,-87,13.8
2025-12-30 06:12:31,NODO 1.3,24.09,84.14,1005.0,3851.0,88.3,-94,13.5
2025-12-30 06:12:59,NODO 1.25,22.72,90.36,1004.0,3905.0,87.7,-117,-6.3
2025-12-30 06:14:15,NODO 1.24,22.56,93.09,1004.0,3920.0,87.3,-110,5.3
2025-12-30 06:14:18,NODO 1.5,24.03,89.3,1004.0,3861.0,86.9,-100,11.5
2025-12-30 06:16:08,NODO 1.28,24.15,96.05,1005.0,3851.0,86.4,-108,6.5
2025-12-30 06:16:12,NODO 1.8,24.08,95.39,1003.0,3891.0,86.8,-108,7.5
2025-12-30 06:17:52,NODO 1.19,22.91,86.67,1005.0,3915.0,86.9,-85,14.0
2025-12-30 06:19:09,NODO 1.15,23.37,99.96,1005.0,3847.0,86.2,-117,-8.0
2025-12-30 06:20:14,NODO 1.21,24.15,79.73,1005.0,3851.0,86.0,-118,-9.3
2025-12-30 06:20:47,NODO 1.6,23.03,93.43,1005.0,3856.0,86.1,-89,14.0
2025-12-30 06:20:59,NODO 1.17,23.96,83.21,1004.0,3851.0,85.7,-93,13.3
2025-12-30 06:21:20,NODO 1.4,23.9,84.93,1005.0,3935.0,85.9,-105,9.0
2025-12-30 06:22:17,NODO 1.7,23.7,88.62,1005.0,3886.0,86.3,-103,10.5
2025-12-30 06:22:40,NODO 1.14,24.39,89.05,1005.0,3915.0,86.9,-94,11.5
2025-12-30 06:22:43,NODO 1.16,24.01,86.12,1005.0,3925.0,87.6,-112,3.3
2025-12-30 06:23:40,NODO 1.26,24.15,90.19,1005.0,3871.0,87.8,-104,5.8
2025-12-30 06:24:48,NODO 1.2,24.18,94.51,1004.0,3871.0,87.2,-91,13.8
2025-12-30 06:25:22,NODO 1.31,23.86,87.05,1005.0,3861.0,86.9,-114,1.3
2025-12-30 06:26:20,NODO 1.22,23.76,89.21,1004.0,3891.0,86.7,-98,12.3
2025-12-30 06:27:26,NODO 1.20,24.48,91.21,1005.0,3886.0,86.3,-116,-4.0
2025-12-30 06:29:21,NODO 1.18,23.78,94.65,1004.0,3861.0,86.2,-104,10.5
2025-12-30 06:29:30,NODO 1.12,23.82,89.23,1005.0,3891.0,86.4,-102,10.8
2025-12-30 06:30:50,NODO 1.9,24.34,84.52,1005.0,3915.0,86.9,-101,11.8
2025-12-30 06:30:53,NODO 1.30,23.76,91.78,1005.0,3935.0,87.4,-110,5.0
2025-12-30 06:32:43,NODO 1.1,23.68,88.43,1004.0,3896.0,87.5,-107,6.8
2025-12-30 06:33:16,NODO 1.29,23.85,86.04,1004.0,3891.0,87.8,-94,11.0
2025-12-30 06:35:01,NODO 1.27,23.73,85.42,1005.0,3621.0,85.1,-99,12.0
2025-12-30 06:38:07,NODO 1.11,24.17,86.85,1004.0,3974.0,85.7,-98,11.0
2025-12-30 06:38:43,NODO 1.32,24.46,100.0,1004.0,3949.0,85.8,-107,6.8
2025-12-30 06:39:05,NODO 1.13,23.9,86.29,1005.0,3896.0,85.8,-116,-2.3
2025-12-30 06:40:58,NODO 1.10,23.81,85.63,1005.0,3905.0,86.0,-86,13.5
2025-12-30 06:42:23,NODO 1.3,24.0,84.73,1005.0,3851.0,88.2,-93,13.3
2025-12-30 06:42:52,NODO 1.25,22.64,90.34,1005.0,3905.0,87.6,-114,0.8
2025-12-30 06:44:11,NODO 1.5,24.02,89.08,1005.0,3861.0,86.7,-98,10.0
2025-12-30 06:44:13,NODO 1.24,22.53,93.93,1005.0,3920.0,86.9,-114,0.8
2025-12-30 06:46:02,NODO 1.28,24.11,96.48,1005.0,3851.0,86.4,-116,-2.3
2025-12-30 06:46:09,NODO 1.8,23.99,96.56,1004.0,3891.0,86.8,-106,8.5
2025-12-30 06:47:48,NODO 1.19,22.87,87.34,1005.0,3905.0,86.8,-90,13.0
2025-12-30 06:49:05,NODO 1.15,23.39,100.0,1006.0,3847.0,86.6,-114,-1.3
2025-12-30 06:50:09,NODO 1.21,24.09,80.46,1005.0,3856.0,86.0,-111,4.5
2025-12-30 06:50:43,NODO 1.6,23.06,94.31,1006.0,3881.0,86.3,-92,13.5
2025-12-30 06:50:55,NODO 1.17,23.97,83.56,1005.0,3851.0,85.9,-91,12.3
2025-12-30 06:51:15,NODO 1.4,23.92,85.74,1005.0,3935.0,86.2,-103,10.3
2025-12-30 06:52:15,NODO 1.7,23.62,89.4,1005.0,3886.0,86.6,-102,8.8
2025-12-30 06:52:34,NODO 1.14,24.35,89.89,1005.0,3915.0,87.2,-90,13.8
2025-12-30 06:52:38,NODO 1.16,23.94,86.42,1005.0,3925.0,87.6,-117,-8.3
2025-12-30 06:53:35,NODO 1.26,24.11,90.77,1006.0,3871.0,87.8,-105,3.5
2025-12-30 06:54:40,NODO 1.2,24.16,95.97,1005.0,3861.0,87.1,-92,14.0
2025-12-30 06:55:18,NODO 1.31,23.81,87.09,1005.0,3861.0,86.8,-110,6.0
2025-12-30 06:56:16,NODO 1.22,23.72,89.68,1004.0,3891.0,86.6,-99,10.3
2025-12-30 06:57:22,NODO 1.20,24.25,92.69,1006.0,3886.0,86.2,-114,0.3
2025-12-30 06:59:17,NODO 1.18,23.77,95.51,1005.0,3861.0,86.1,-98,10.8
2025-12-30 06:59:27,NODO 1.12,23.85,89.39,1006.0,3891.0,86.4,-101,11.5
2025-12-30 07:00:45,NODO 1.9,24.49,84.38,1006.0,3915.0,86.9,-101,11.3
2025-12-30 07:00:49,NODO 1.30,23.73,92.54,1006.0,3945.0,87.5,-111,4.5
2025-12-30 07:02:38,NODO 1.1,23.71,88.84,1005.0,3891.0,87.5,-106,7.8
2025-12-30 07:03:11,NODO 1.29,23.89,87.04,1004.0,3891.0,87.8,-98,13.0
2025-12-30 07:04:57,NODO 1.27,23.79,86.08,1006.0,3621.0,85.1,-97,13.0
2025-12-30 07:08:03,NODO 1.11,24.17,87.51,1004.0,3969.0,85.7,-100,11.0
2025-12-30 07:08:39,NODO 1.32,24.43,100.0,1005.0,3959.0,85.8,-107,7.8
2025-12-30 07:09:02,NODO 1.13,24.1,86.45,1005.0,3891.0,85.8,-117,-8.3
2025-12-30 07:10:53,NODO 1.10,23.82,87.26,1006.0,3905.0,86.0,-87,13.5
2025-12-30 07:12:22,NODO 1.3,24.1,85.29,1006.0,3847.0,88.2,-93,13.0
2025-12-30 07:12:47,NODO 1.25,23.1,91.36,1005.0,3915.0,87.7,-116,-1.0
2025-12-30 07:14:05,NODO 1.5,24.31,89.36,1005.0,3861.0,86.7,-101,11.3
2025-12-30 07:16:00,NODO 1.28,24.24,97.03,1006.0,3861.0,86.4,-107,7.0
2025-12-30 07:17:44,NODO 1.19,23.33,87.99,1006.0,3915.0,86.5,-91,13.8
2025-12-30 07:19:03,NODO 1.15,25.46,96.18,1007.0,3847.0,86.5,-114,
2025-12-30 07:20:05,NODO 1.21,24.25,80.93,1006.0,3861.0,86.0,-111,4.3
2025-12-30 07:20:40,NODO 1.6,23.47,93.85,1006.0,3871.0,86.0,-94,13.5
2025-12-30 07:20:51,NODO 1.17,24.58,82.69,1005.0,3851.0,86.0,-92,13.5
2025-12-30 07:21:09,NODO 1.4,24.31,85.56,1006.0,3935.0,86.2,-110,3.5
2025-12-30 07:22:12,NODO 1.7,23.78,90.24,1006.0,3886.0,86.5,-104,10.3
2025-12-30 07:22:29,NODO 1.14,24.6,90.47,1006.0,3915.0,87.1,-90,13.5
2025-12-30 07:22:36,NODO 1.16,24.23,86.78,1006.0,3925.0,87.6,-115,-0.8
2025-12-30 07:23:30,NODO 1.26,24.34,91.28,1006.0,3886.0,88.0,-110,5.5
2025-12-30 07:25:13,NODO 1.31,23.95,87.87,1006.0,3856.0,87.2,-110,5.5
2025-12-30 07:26:12,NODO 1.22,24.17,89.24,1005.0,3891.0,87.2,-99,11.8
2025-12-30 07:27:18,NODO 1.20,24.65,92.23,1006.0,3886.0,86.9,-108,6.3
2025-12-30 07:29:12,NODO 1.18,24.16,95.6,1005.0,3861.0,86.3,-102,10.8
2025-12-30 07:29:26,NODO 1.12,24.41,88.61,1006.0,3891.0,86.3,-103,11.0
2025-12-30 07:30:47,NODO 1.30,24.12,92.7,1006.0,3945.0,87.2,-116,-5.5
2025-12-30 07:32:38,NODO 1.1,24.05,89.39,1005.0,3896.0,87.3,-107,7.8
2025-12-30 07:33:06,NODO 1.29,24.18,88.37,1005.0,3891.0,87.3,-100,11.8
2025-12-30 07:34:55,NODO 1.27,24.25,86.4,1006.0,3621.0,84.9,-96,13.0
2025-12-30 07:38:00,NODO 1.11,24.36,88.2,1004.0,3969.0,85.7,-98,12.5
2025-12-30 07:38:36,NODO 1.32,24.58,100.0,1005.0,3959.0,85.9,-107,8.3
2025-12-30 07:40:49,NODO 1.10,24.18,88.3,1006.0,3900.0,85.9,-87,13.5
2025-12-30 07:42:15,NODO 1.3,24.81,84.63,1006.0,3851.0,85.5,-95,13.3
2025-12-30 07:44:02,NODO 1.5,25.12,87.04,1006.0,3861.0,87.9,-114,1.5
2025-12-30 07:44:08,NODO 1.24,23.79,94.44,1006.0,3920.0,87.4,-111,4.5
2025-12-30 07:45:56,NODO 1.28,24.79,95.98,1006.0,3851.0,86.3,-102,10.5
2025-12-30 07:46:06,NODO 1.8,24.79,95.54,1005.0,3891.0,86.2,-105,9.3
2025-12-30 07:47:45,NODO 1.19,26.71,77.69,1006.0,3915.0,86.9,-86,14.3
2025-12-30 07:49:10,NODO 1.15,29.58,79.22,1007.0,3851.0,86.8,-116,-9.8
2025-12-30 07:50:02,NODO 1.21,24.73,81.0,1006.0,3861.0,86.2,-112,3.0
2025-12-30 07:50:37,NODO 1.6,24.29,91.34,1007.0,3871.0,86.4,-90,13.3
2025-12-30 07:50:47,NODO 1.17,25.65,79.74,1006.0,3847.0,86.0,-93,13.0
2025-12-30 07:51:04,NODO 1.4,25.1,83.5,1006.0,3935.0,86.2,-106,9.0
2025-12-30 07:52:11,NODO 1.7,24.25,89.86,1006.0,3886.0,86.5,-105,9.5
2025-12-30 07:52:33,NODO 1.14,27.01,82.33,1006.0,3915.0,87.0,-92,13.3
2025-12-30 07:52:34,NODO 1.16,24.91,85.63,1006.0,3925.0,87.6,-111,3.8
2025-12-30 07:53:26,NODO 1.26,25.02,90.57,1007.0,3871.0,87.8,-106,9.0
2025-12-30 07:54:36,NODO 1.2,24.79,96.98,1006.0,3861.0,87.1,-92,13.3
2025-12-30 07:55:07,NODO 1.31,24.44,87.64,1006.0,3861.0,86.8,-111,4.3
2025-12-30 07:56:10,NODO 1.22,25.03,86.91,1005.0,3891.0,86.6,-96,13.0
2025-12-30 07:57:14,NODO 1.20,25.23,91.03,1007.0,3891.0,86.2,-110,4.8
2025-12-30 07:59:09,NODO 1.18,25.09,94.51,1006.0,3861.0,86.2,-102,11.0
2025-12-30 07:59:27,NODO 1.12,26.62,80.45,1007.0,3891.0,86.5,-103,10.5
2025-12-30 08:00:40,NODO 1.9,26.06,80.99,1007.0,3915.0,87.0,-103,10.8
2025-12-30 08:00:46,NODO 1.30,24.92,91.73,1006.0,3935.0,87.4,-112,2.3
2025-12-30 08:02:37,NODO 1.1,24.85,87.33,1006.0,3896.0,87.5,-106,8.5
2025-12-30 08:03:01,NODO 1.29,24.67,87.17,1005.0,3891.0,87.8,-97,12.8
2025-12-30 08:04:52,NODO 1.27,25.41,84.19,1006.0,3621.0,85.1,-94,13.0
2025-12-30 08:07:57,NODO 1.11,24.78,87.95,1005.0,3974.0,85.7,-100,11.8
2025-12-30 08:08:34,NODO 1.32,24.95,100.0,1006.0,3959.0,85.9,-107,8.0
2025-12-30 08:08:57,NODO 1.13,26.51,83.24,1006.0,3905.0,86.0,-114,-3.8
2025-12-30 08:10:46,NODO 1.10,25.04,86.11,1007.0,3905.0,86.1,-86,13.8
2025-12-30 08:12:12,NODO 1.3,25.95,80.68,1006.0,3851.0,88.4,-95,12.8
2025-12-30 08:12:41,NODO 1.25,26.86,77.58,1006.0,3905.0,87.8,-116,-3.8
2025-12-30 08:14:00,NODO 1.5,26.44,82.03,1006.0,3861.0,86.8,-104,10.3
2025-12-30 08:14:07,NODO 1.24,24.99,88.75,1006.0,3920.0,86.9,-110,0.5
2025-12-30 08:15:54,NODO 1.28,25.96,91.51,1006.0,3861.0,86.5,-101,11.3
2025-12-30 08:16:05,NODO 1.8,25.95,91.34,1005.0,3891.0,86.9,-103,10.8
2025-12-30 08:17:46,NODO 1.19,30.49,62.46,1006.0,3925.0,87.1,-90,13.8
2025-12-30 08:19:19,NODO 1.15,35.58,63.4,1007.0,3851.0,87.0,-115,-1.5
2025-12-30 08:19:58,NODO 1.21,25.43,80.63,1006.0,3856.0,86.3,-110,5.5
2025-12-30 08:20:33,NODO 1.6,25.57,86.2,1007.0,3886.0,86.6,-90,13.3
2025-12-30 08:20:44,NODO 1.17,27.31,73.61,1006.0,3856.0,86.2,-90,11.5
2025-12-30 08:21:02,NODO 1.4,29.89,66.55,1006.0,3935.0,86.3,-98,12.5
2025-12-30 08:22:11,NODO 1.7,24.96,88.12,1006.0,3886.0,86.7,-105,8.8
2025-12-30 08:22:40,NODO 1.14,33.0,63.03,1006.0,3930.0,87.4,-94,13.5
2025-12-30 08:23:24,NODO 1.26,25.94,86.76,1007.0,3886.0,87.4,-107,7.5
2025-12-30 08:24:30,NODO 1.2,25.49,94.77,1006.0,3871.0,87.6,-95,13.3
2025-12-30 08:25:01,NODO 1.31,25.27,86.54,1007.0,3861.0,86.8,-111,3.8
2025-12-30 08:26:11,NODO 1.22,26.17,81.75,1005.0,3891.0,86.9,-100,12.0
2025-12-30 08:27:11,NODO 1.20,26.03,88.94,1007.0,3891.0,86.5,-109,6.0
2025-12-30 08:29:07,NODO 1.18,26.24,91.02,1006.0,3881.0,86.5,-98,12.8
2025-12-30 08:29:27,NODO 1.12,28.26,74.03,1007.0,3891.0,86.7,-104,9.8
2025-12-30 08:30:41,NODO 1.9,27.89,74.64,1007.0,3920.0,87.2,-101,10.0
2025-12-30 08:30:44,NODO 1.30,25.81,88.82,1007.0,3945.0,87.8,-108,6.3
2025-12-30 08:32:36,NODO 1.1,25.94,81.99,1006.0,3900.0,87.9,-107,7.0
2025-12-30 08:33:00,NODO 1.29,25.42,84.86,1005.0,3891.0,88.0,-95,13.5
2025-12-30 08:34:51,NODO 1.27,26.89,78.49,1007.0,3621.0,85.3,-98,12.5
2025-12-30 08:37:54,NODO 1.11,26.32,81.85,1005.0,3984.0,85.9,-106,8.8
2025-12-30 08:38:31,NODO 1.32,25.48,100.0,1006.0,3964.0,86.1,-106,8.5
2025-12-30 08:38:55,NODO 1.13,29.0,70.98,1006.0,3905.0,86.2,-116,-2.3
2025-12-30 08:40:43,NODO 1.10,26.1,83.07,1007.0,3915.0,86.4,-87,13.5
2025-12-30 08:42:09,NODO 1.3,27.0,76.93,1007.0,3851.0,88.7,-96,12.5
2025-12-30 08:42:41,NODO 1.25,29.67,65.67,1006.0,3915.0,88.0,-115,-1.8
2025-12-30 08:43:59,NODO 1.5,27.92,76.02,1006.0,3861.0,87.0,-102,10.8
2025-12-30 08:44:05,NODO 1.24,26.18,79.66,1006.0,3920.0,87.1,-114,0.8
2025-12-30 08:45:52,NODO 1.28,26.54,90.64,1007.0,3851.0,86.5,-109,6.8
2025-12-30 08:46:06,NODO 1.8,28.28,84.18,1005.0,3891.0,86.9,-104,9.5
2025-12-30 08:47:45,NODO 1.19,33.47,54.32,1007.0,3925.0,87.0,-88,14.5
2025-12-30 08:49:22,NODO 1.15,41.09,53.85,1007.0,3886.0,87.2,-118,-7.8
2025-12-30 08:49:56,NODO 1.21,26.16,79.53,1007.0,3856.0,86.6,-117,-4.3
2025-12-30 08:50:33,NODO 1.6,28.78,77.62,1007.0,3881.0,86.9,-90,13.5
2025-12-30 08:50:44,NODO 1.17,33.47,53.04,1006.0,3856.0,86.5,-92,13.8
2025-12-30 08:51:02,NODO 1.4,33.18,56.29,1006.0,3935.0,86.6,-97,10.3
2025-12-30 08:52:13,NODO 1.7,25.76,82.1,1006.0,3886.0,86.6,-107,8.5
2025-12-30 08:52:29,NODO 1.14,30.54,66.74,1006.0,3915.0,87.2,-88,14.0
2025-12-30 08:52:33,NODO 1.16,27.09,75.27,1006.0,3935.0,87.8,-116,-1.3
2025-12-30 08:53:22,NODO 1.26,26.94,81.38,1007.0,3886.0,88.1,-110,6.3
2025-12-30 08:54:27,NODO 1.2,26.02,91.17,1006.0,3871.0,87.4,-89,12.3
2025-12-30 08:54:56,NODO 1.31,26.25,80.95,1006.0,3861.0,87.2,-110,5.8
2025-12-30 08:56:07,NODO 1.22,27.22,76.26,1005.0,3896.0,87.0,-98,12.8
2025-12-30 08:57:08,NODO 1.20,26.86,86.0,1007.0,3891.0,86.5,-116,-4.8
2025-12-30 08:59:04,NODO 1.18,27.4,86.42,1006.0,3881.0,86.5,-99,11.8
2025-12-30 08:59:23,NODO 1.12,29.09,70.57,1007.0,3896.0,86.8,-107,8.3
2025-12-30 09:00:41,NODO 1.30,27.03,77.35,1007.0,3945.0,87.6,-113,2.8
2025-12-30 09:00:44,NODO 1.9,32.59,57.2,1007.0,3920.0,87.8,-101,11.5
2025-12-30 09:02:34,NODO 1.1,26.77,80.64,1006.0,3900.0,87.9,-105,9.3
2025-12-30 09:02:56,NODO 1.29,26.0,81.02,1005.0,3891.0,88.0,-92,13.3
2025-12-30 09:04:51,NODO 1.27,27.88,69.1,1007.0,3621.0,85.3,-97,12.8
2025-12-30 09:07:49,NODO 1.11,26.77,78.61,1005.0,3984.0,85.7,-105,9.3
2025-12-30 09:08:28,NODO 1.32,26.16,97.98,1006.0,3959.0,86.0,-107,7.8
2025-12-30 09:08:54,NODO 1.13,29.91,62.93,1006.0,3900.0,86.0,-116,-1.3
2025-12-30 09:10:41,NODO 1.10,27.13,73.67,1007.0,3915.0,86.3,-90,13.3
2025-12-30 09:12:08,NODO 1.3,28.09,68.61,1007.0,3851.0,88.6,-93,11.5
2025-12-30 09:13:58,NODO 1.5,30.03,62.71,1006.0,3881.0,87.6,-106,8.0
2025-12-30 09:14:06,NODO 1.24,28.09,69.54,1006.0,3920.0,87.2,-112,3.5
2025-12-30 09:15:48,NODO 1.28,27.78,86.33,1006.0,3861.0,86.8,-105,1.0
2025-12-30 09:16:02,NODO 1.8,29.14,79.97,1005.0,3891.0,86.5,-103,7.8
2025-12-30 09:17:46,NODO 1.19,35.46,46.05,1006.0,3935.0,87.4,-96,13.0
2025-12-30 09:19:19,NODO 1.15,39.5,52.23,1007.0,3856.0,87.1,-117,-7.8
2025-12-30 09:19:52,NODO 1.21,27.25,70.55,1006.0,3861.0,86.5,-111,4.0
2025-12-30 09:20:43,NODO 1.17,35.0,49.21,1006.0,3861.0,86.5,-91,13.3
2025-12-30 09:20:46,NODO 1.6,37.25,44.89,1007.0,3886.0,86.5,-90,13.8
2025-12-30 09:21:01,NODO 1.4,37.41,43.22,1006.0,3945.0,86.6,-99,12.0
2025-12-30 09:22:13,NODO 1.7,27.62,74.78,1006.0,3891.0,86.9,-105,9.0
2025-12-30 09:22:27,NODO 1.14,30.89,62.74,1006.0,3915.0,87.5,-90,13.5
2025-12-30 09:22:32,NODO 1.16,27.96,69.43,1006.0,3935.0,88.2,-114,1.0
2025-12-30 09:23:20,NODO 1.26,27.86,73.2,1007.0,3886.0,88.2,-110,5.3
2025-12-30 09:24:26,NODO 1.2,26.8,89.01,1006.0,3871.0,87.5,-93,11.5
2025-12-30 09:24:52,NODO 1.31,27.29,75.46,1006.0,3861.0,87.2,-109,5.0
2025-12-30 09:26:06,NODO 1.22,28.3,69.1,1005.0,3896.0,87.0,-97,13.3
2025-12-30 09:27:05,NODO 1.20,27.83,78.7,1007.0,3891.0,86.5,-118,-9.0
2025-12-30 09:29:02,NODO 1.18,28.52,81.08,1006.0,3886.0,86.5,-104,10.0
2025-12-30 09:29:21,NODO 1.12,30.12,62.22,1007.0,3891.0,86.8,-102,8.8
2025-12-30 09:30:38,NODO 1.30,27.95,73.64,1006.0,3945.0,87.6,-110,3.0
2025-12-30 09:30:52,NODO 1.9,40.34,37.99,1007.0,3930.0,87.9,-107,8.3
2025-12-30 09:32:34,NODO 1.1,27.53,75.92,1006.0,3900.0,88.0,-107,7.8
2025-12-30 09:32:55,NODO 1.29,27.03,74.57,1005.0,3891.0,88.1,-98,12.8
2025-12-30 09:34:48,NODO 1.27,28.77,63.98,1006.0,3621.0,85.4,-95,13.5
2025-12-30 09:37:43,NODO 1.11,26.8,77.91,1005.0,3984.0,85.8,-111,4.0
2025-12-30 09:38:25,NODO 1.32,26.67,93.23,1006.0,3964.0,86.1,-107,7.5
2025-12-30 09:38:52,NODO 1.13,30.71,61.64,1006.0,3915.0,86.2,-112,4.0
2025-12-30 09:40:38,NODO 1.10,27.87,71.28,1007.0,3915.0,86.5,-87,13.8
2025-12-30 09:42:07,NODO 1.3,29.2,63.87,1006.0,3861.0,88.9,-98,13.0
2025-12-30 09:42:42,NODO 1.25,33.68,49.7,1006.0,3915.0,88.2,-115,-2.0
2025-12-30 09:43:56,NODO 1.5,31.61,57.76,1006.0,3881.0,87.4,-99,12.3
2025-12-30 09:44:05,NODO 1.24,30.92,59.83,1006.0,3930.0,87.5,-110,4.5
2025-12-30 09:45:46,NODO 1.28,28.69,76.73,1006.0,3861.0,87.0,-107,7.5
2025-12-30 09:45:57,NODO 1.8,30.05,77.0,1005.0,3891.0,87.3,-112,2.5
2025-12-30 09:47:42,NODO 1.19,35.03,47.63,1006.0,3925.0,87.4,-87,13.8
2025-12-30 09:49:50,NODO 1.21,28.02,68.45,1006.0,3861.0,87.2,-110,5.0
2025-12-30 09:50:38,NODO 1.6,38.61,44.02,1006.0,3891.0,86.8,-100,12.5
2025-12-30 09:50:39,NODO 1.17,33.55,51.34,1006.0,3861.0,86.8,-92,13.3
2025-12-30 09:50:59,NODO 1.4,34.49,50.23,1006.0,3945.0,87.3,-106,8.5
2025-12-30 09:52:10,NODO 1.7,27.66,75.7,1006.0,3891.0,87.0,-106,7.8
2025-12-30 09:52:20,NODO 1.14,30.26,65.94,1006.0,3915.0,87.5,-90,13.8
2025-12-30 09:52:31,NODO 1.16,28.67,68.8,1006.0,3930.0,87.9,-116,-1.5
2025-12-30 09:53:17,NODO 1.26,28.86,69.99,1007.0,3886.0,88.2,-115,-0.5
2025-12-30 09:54:26,NODO 1.2,27.8,84.24,1006.0,3861.0,87.3,-90,13.8
2025-12-30 09:54:47,NODO 1.31,27.91,73.45,1006.0,3871.0,87.1,-115,0.3
2025-12-30 09:56:04,NODO 1.22,29.38,66.52,1005.0,3896.0,86.9,-103,10.5
2025-12-30 09:57:04,NODO 1.20,28.23,77.96,1007.0,3891.0,86.5,-113,2.5
2025-12-30 09:58:58,NODO 1.18,29.27,76.23,1006.0,3891.0,86.6,-97,13.0
2025-12-30 09:59:17,NODO 1.12,30.05,64.06,1007.0,3891.0,86.9,-104,10.0
2025-12-30 10:00:35,NODO 1.30,28.59,71.75,1006.0,3945.0,87.6,-101,11.5
2025-12-30 10:00:40,NODO 1.9,36.32,45.77,1007.0,3930.0,88.0,-105,7.0
2025-12-30 10:02:34,NODO 1.1,28.53,71.81,1005.0,3900.0,88.1,-104,10.3
2025-12-30 10:02:54,NODO 1.29,28.06,70.41,1005.0,3891.0,88.1,-98,12.8
2025-12-30 10:04:45,NODO 1.27,29.31,64.5,1006.0,3621.0,85.4,-97,12.5
2025-12-30 10:07:41,NODO 1.11,27.03,77.18,1005.0,3984.0,85.8,-107,8.0
2025-12-30 10:08:24,NODO 1.32,27.36,91.32,1006.0,3959.0,86.0,-110,5.8
2025-12-30 10:08:51,NODO 1.13,31.04,59.34,1006.0,3915.0,86.2,-112,3.5
2025-12-30 10:12:02,NODO 1.3,29.32,64.7,1006.0,3861.0,85.9,-98,13.0
2025-12-30 10:12:35,NODO 1.25,33.27,51.27,1006.0,3915.0,88.8,-114,0.5
2025-12-30 10:13:52,NODO 1.5,31.66,57.27,1006.0,3881.0,87.8,-103,10.8
2025-12-30 10:14:03,NODO 1.24,31.93,56.75,1006.0,3930.0,87.5,-114,
2025-12-30 10:15:41,NODO 1.28,29.99,76.16,1006.0,3851.0,86.9,-107,7.5
2025-12-30 10:15:55,NODO 1.8,30.36,71.58,1005.0,3891.0,87.2,-105,9.5
2025-12-30 10:17:38,NODO 1.19,33.8,50.03,1006.0,3925.0,87.3,-91,11.5
2025-12-30 10:18:56,NODO 1.15,32.28,67.77,1007.0,3856.0,87.0,-111,4.8
2025-12-30 10:19:47,NODO 1.21,28.39,67.58,1006.0,3861.0,86.3,-109,5.3
2025-12-30 10:20:28,NODO 1.6,36.0,47.56,1006.0,3891.0,86.7,-89,13.5
2025-12-30 10:20:33,NODO 1.17,32.72,54.08,1006.0,3861.0,86.4,-91,14.0
2025-12-30 10:20:52,NODO 1.4,32.28,54.83,1006.0,3945.0,86.6,-100,11.8
2025-12-30 10:22:06,NODO 1.7,27.67,75.11,1006.0,3891.0,87.0,-109,6.0
2025-12-30 10:22:13,NODO 1.14,29.67,65.85,1006.0,3915.0,87.5,-87,13.5
2025-12-30 10:22:29,NODO 1.16,28.76,67.23,1006.0,3935.0,88.0,-112,2.8
2025-12-30 10:23:12,NODO 1.26,29.13,69.12,1007.0,3886.0,88.2,-107,8.0
2025-12-30 10:24:23,NODO 1.2,28.45,80.73,1005.0,3871.0,87.5,-94,13.5
2025-12-30 10:24:40,NODO 1.31,27.93,73.22,1006.0,3861.0,87.2,-111,-2.3
2025-12-30 10:26:01,NODO 1.22,29.59,66.05,1005.0,3896.0,87.0,-99,12.8
2025-12-30 10:26:58,NODO 1.20,28.47,76.4,1007.0,3891.0,86.5,-109,6.8
2025-12-30 10:28:53,NODO 1.18,29.44,77.25,1006.0,3871.0,86.4,-102,10.8
2025-12-30 10:29:12,NODO 1.12,29.68,66.91,1007.0,3891.0,86.6,-103,10.5
2025-12-30 10:30:30,NODO 1.30,29.04,69.1,1006.0,3945.0,87.4,-108,7.3
2025-12-30 10:30:35,NODO 1.9,34.2,51.27,1006.0,3920.0,87.7,-100,12.3
2025-12-30 10:32:33,NODO 1.1,28.9,71.26,1005.0,3900.0,87.8,-105,8.8
2025-12-30 10:32:52,NODO 1.29,28.75,67.98,1005.0,3896.0,88.0,-95,13.5
2025-12-30 10:34:41,NODO 1.27,29.46,62.25,1006.0,3621.0,85.3,-98,10.5
2025-12-30 10:37:39,NODO 1.11,27.38,75.52,1005.0,3984.0,85.7,-106,5.8
2025-12-30 10:38:22,NODO 1.32,27.84,87.14,1005.0,3964.0,86.2,-110,5.8
2025-12-30 10:38:46,NODO 1.13,31.15,61.09,1006.0,3915.0,86.3,-110,5.3
2025-12-30 10:40:32,NODO 1.10,28.31,69.92,1006.0,3915.0,86.5,-86,13.8
2025-12-30 10:42:00,NODO 1.3,29.39,63.02,1006.0,3861.0,88.9,-98,12.3
2025-12-30 10:42:29,NODO 1.25,32.46,51.8,1006.0,3915.0,88.2,-112,4.3
2025-12-30 10:43:47,NODO 1.5,31.4,57.98,1006.0,3886.0,87.4,-109,5.8
2025-12-30 10:44:03,NODO 1.24,33.03,52.36,1006.0,3935.0,87.6,-112,2.5
2025-12-30 10:45:35,NODO 1.28,29.4,77.42,1006.0,3856.0,87.0,-105,9.0
2025-12-30 10:45:51,NODO 1.8,30.73,69.89,1005.0,3891.0,87.3,-106,8.5
2025-12-30 10:47:34,NODO 1.19,33.03,50.8,1006.0,3925.0,87.4,-92,13.5
2025-12-30 10:48:50,NODO 1.15,31.68,68.01,1006.0,3871.0,87.3,-114,-2.0
2025-12-30 10:49:44,NODO 1.21,28.68,65.04,1006.0,3861.0,86.5,-113,2.3
2025-12-30 10:50:24,NODO 1.6,35.33,47.8,1006.0,3886.0,86.8,-88,12.0
2025-12-30 10:50:28,NODO 1.17,32.2,53.48,1005.0,3861.0,86.5,-91,14.3
2025-12-30 10:50:48,NODO 1.4,31.76,55.15,1006.0,3935.0,86.6,-98,12.0
2025-12-30 10:52:06,NODO 1.7,27.86,71.88,1005.0,3891.0,86.8,-105,9.5
2025-12-30 10:52:09,NODO 1.14,29.61,67.27,1006.0,3915.0,87.4,-93,11.3
2025-12-30 10:52:28,NODO 1.16,29.05,64.73,1006.0,3930.0,87.8,-111,3.8
2025-12-30 10:53:10,NODO 1.26,29.43,67.66,1006.0,3886.0,88.1,-111,4.8
2025-12-30 10:54:18,NODO 1.2,28.91,79.86,1005.0,3871.0,87.4,-89,13.8
2025-12-30 10:54:37,NODO 1.31,28.22,70.54,1006.0,3871.0,87.2,-117,-5.8
2025-12-30 10:55:59,NODO 1.22,30.01,62.77,1004.0,3896.0,87.0,-98,12.3
2025-12-30 10:56:54,NODO 1.20,28.82,75.42,1006.0,3891.0,86.7,-109,7.3
2025-12-30 10:58:50,NODO 1.18,29.79,75.46,1005.0,3886.0,86.7,-99,10.0
2025-12-30 10:59:11,NODO 1.12,29.44,64.32,1006.0,3891.0,86.8,-102,10.5
2025-12-30 11:00:28,NODO 1.30,29.23,71.58,1006.0,3945.0,87.6,-112,2.8
2025-12-30 11:00:32,NODO 1.9,32.87,52.06,1006.0,3920.0,87.8,-105,8.8
2025-12-30 11:02:31,NODO 1.1,29.69,67.58,1005.0,3900.0,87.9,-104,9.3
2025-12-30 11:02:47,NODO 1.29,28.92,67.75,1004.0,3891.0,88.0,-91,13.5
2025-12-30 11:04:37,NODO 1.27,29.45,63.2,1006.0,3621.0,85.3,-96,12.8
2025-12-30 11:07:36,NODO 1.11,27.53,75.02,1004.0,3984.0,85.7,-99,12.0
2025-12-30 11:08:21,NODO 1.32,27.83,87.65,1005.0,3964.0,86.1,-106,8.5
2025-12-30 11:08:42,NODO 1.13,30.76,61.49,1005.0,3900.0,86.1,-112,1.0
2025-12-30 11:10:26,NODO 1.10,28.33,68.52,1006.0,3915.0,86.3,-86,13.3
2025-12-30 11:11:56,NODO 1.3,29.31,61.83,1006.0,3851.0,88.6,-111,4.5
2025-12-30 11:13:44,NODO 1.5,31.02,57.5,1005.0,3871.0,87.5,-114,-4.5
2025-12-30 11:14:01,NODO 1.24,33.03,51.33,1005.0,3930.0,87.2,-111,4.0
2025-12-30 11:15:32,NODO 1.28,29.05,77.59,1006.0,3861.0,86.8,-109,6.8
2025-12-30 11:15:50,NODO 1.8,30.4,73.29,1004.0,3900.0,86.6,-98,12.3
2025-12-30 11:17:29,NODO 1.19,32.14,53.13,1006.0,3920.0,87.3,-85,13.3
2025-12-30 11:18:43,NODO 1.15,31.67,67.37,1006.0,3856.0,87.2,-112,2.8
2025-12-30 11:19:40,NODO 1.21,28.86,64.81,1005.0,3861.0,86.5,-110,5.8
2025-12-30 11:20:17,NODO 1.6,33.61,53.9,1005.0,3886.0,86.7,-89,13.5
2025-12-30 11:20:23,NODO 1.17,31.35,57.24,1005.0,3856.0,86.3,-96,13.0
2025-12-30 11:20:43,NODO 1.4,30.99,59.9,1005.0,3935.0,86.4,-99,12.0
2025-12-30 11:22:02,NODO 1.14,29.25,66.99,1005.0,3915.0,87.0,-84,14.0
2025-12-30 11:22:05,NODO 1.7,27.75,75.02,1005.0,3891.0,87.3,-110,4.8
2025-12-30 11:23:05,NODO 1.26,29.46,66.12,1006.0,3886.0,87.3,-112,0.8
2025-12-30 11:24:10,NODO 1.2,28.67,82.57,1005.0,3871.0,87.5,-95,13.5
2025-12-30 11:24:32,NODO 1.31,28.27,70.03,1005.0,3871.0,86.8,-110,4.5
2025-12-30 11:25:55,NODO 1.22,29.82,65.17,1004.0,3896.0,86.7,-99,10.3
2025-12-30 11:26:49,NODO 1.20,28.61,76.18,1006.0,3891.0,86.7,-113,2.0
2025-12-30 11:28:46,NODO 1.18,29.84,72.78,1005.0,3886.0,86.7,-108,7.3
2025-12-30 11:29:06,NODO 1.12,29.33,67.75,1006.0,3891.0,86.8,-105,9.3
2025-12-30 11:30:24,NODO 1.30,29.35,70.13,1006.0,3945.0,87.6,-113,2.3
2025-12-30 11:30:27,NODO 1.9,33.5,53.26,1006.0,3920.0,87.8,-112,3.8
2025-12-30 11:32:29,NODO 1.1,31.02,65.89,1005.0,3896.0,87.9,-105,9.5
2025-12-30 11:32:44,NODO 1.29,28.8,68.65,1004.0,3900.0,88.0,-92,13.3
2025-12-30 11:34:34,NODO 1.27,29.67,60.99,1005.0,3621.0,85.3,-96,12.5
2025-12-30 11:37:30,NODO 1.11,27.58,73.85,1004.0,3984.0,85.7,-105,9.3
2025-12-30 11:38:18,NODO 1.32,28.49,82.94,1004.0,3964.0,86.2,-106,8.8
2025-12-30 11:38:37,NODO 1.13,30.74,61.38,1005.0,3905.0,86.2,-113,2.3
2025-12-30 11:40:23,NODO 1.10,28.71,66.19,1006.0,3915.0,86.4,-86,14.0
2025-12-30 11:41:49,NODO 1.3,29.69,60.99,1005.0,3851.0,88.7,-97,13.0
2025-12-30 11:42:18,NODO 1.25,32.27,51.81,1005.0,3915.0,88.0,-115,-2.0
2025-12-30 11:43:41,NODO 1.5,32.32,54.53,1005.0,3871.0,87.1,-104,9.8
2025-12-30 11:44:01,NODO 1.24,34.78,46.83,1005.0,3935.0,87.4,-115,-0.8
2025-12-30 11:45:28,NODO 1.28,30.2,71.03,1005.0,3861.0,86.8,-112,1.8
2025-12-30 11:45:48,NODO 1.8,31.41,66.22,1004.0,3900.0,87.3,-106,8.3
2025-12-30 11:47:27,NODO 1.19,33.64,49.42,1005.0,3925.0,87.4,-88,13.8
2025-12-30 11:49:36,NODO 1.21,29.64,59.34,1005.0,3861.0,87.3,-107,7.5
2025-12-30 11:50:20,NODO 1.17,31.99,53.91,1004.0,3861.0,86.6,-105,9.0
2025-12-30 11:50:20,NODO 1.6,38.43,44.03,1005.0,3886.0,86.8,-91,14.0
2025-12-30 11:50:41,NODO 1.4,32.41,56.05,1005.0,3949.0,87.3,-104,9.5
2025-12-30 11:51:59,NODO 1.14,30.99,63.91,1005.0,3915.0,87.2,-88,13.8
2025-12-30 11:52:03,NODO 1.7,28.63,64.54,1005.0,3891.0,87.5,-110,6.0
2025-12-30 11:52:26,NODO 1.16,29.95,62.95,1005.0,3930.0,88.2,-116,-1.8
2025-12-30 11:53:04,NODO 1.26,30.3,63.9,1005.0,3886.0,88.2,-111,4.5
2025-12-30 11:54:08,NODO 1.2,29.34,80.5,1004.0,3871.0,87.4,-89,13.3
2025-12-30 11:54:27,NODO 1.31,28.93,67.07,1005.0,3871.0,87.0,-113,-6.0
2025-12-30 11:55:52,NODO 1.22,30.59,58.9,1004.0,3896.0,87.0,-98,13.0
2025-12-30 11:58:44,NODO 1.18,31.77,67.27,1004.0,3891.0,86.7,-90,14.0
2025-12-30 11:59:04,NODO 1.12,30.31,60.88,1005.0,3891.0,86.7,-106,8.5
2025-12-30 12:00:22,NODO 1.30,30.45,62.64,1005.0,3945.0,87.4,-115,-3.0
2025-12-30 12:00:27,NODO 1.9,37.75,41.39,1005.0,3920.0,87.9,-102,10.5
2025-12-30 12:02:29,NODO 1.1,34.55,54.03,1004.0,3900.0,88.0,-108,7.3
2025-12-30 12:02:40,NODO 1.29,29.07,67.65,1004.0,3900.0,88.1,-101,12.0
2025-12-30 12:04:31,NODO 1.27,30.44,58.06,1005.0,3621.0,85.4,-95,11.0
2025-12-30 12:07:27,NODO 1.11,27.77,74.1,1003.0,3984.0,85.8,-101,11.5
2025-12-30 12:08:13,NODO 1.32,28.68,84.54,1004.0,3964.0,86.2,-112,-0.5
2025-12-30 12:08:35,NODO 1.13,31.79,57.0,1004.0,3900.0,86.2,-115,-0.8
2025-12-30 12:10:22,NODO 1.10,29.52,63.95,1005.0,3915.0,86.3,-88,14.0
2025-12-30 12:11:44,NODO 1.3,30.17,60.35,1005.0,3851.0,88.6,-103,11.0
2025-12-30 12:13:42,NODO 1.5,34.45,46.97,1004.0,3886.0,87.7,-98,12.0
2025-12-30 12:14:03,NODO 1.24,38.08,40.33,1004.0,3935.0,87.4,-112,3.8
2025-12-30 12:15:25,NODO 1.28,30.6,70.46,1005.0,3856.0,86.9,-109,5.5
2025-12-30 12:15:46,NODO 1.8,31.89,66.22,1003.0,3900.0,86.8,-98,12.8
2025-12-30 12:17:28,NODO 1.19,35.02,44.85,1005.0,3925.0,87.5,-88,14.3
2025-12-30 12:19:34,NODO 1.21,29.95,58.68,1005.0,3856.0,87.2,-106,4.0
2025-12-30 12:20:13,NODO 1.6,37.88,41.72,1004.0,3886.0,86.7,-97,13.0
2025-12-30 12:20:16,NODO 1.17,31.77,52.94,1004.0,3861.0,86.8,-96,10.8
2025-12-30 12:20:39,NODO 1.4,32.61,52.32,1004.0,3935.0,87.1,-103,8.8
2025-12-30 12:21:55,NODO 1.14,30.74,60.43,1004.0,3915.0,87.0,-88,14.3
2025-12-30 12:22:01,NODO 1.7,28.92,69.5,1004.0,3891.0,87.4,-102,10.3
2025-12-30 12:22:26,NODO 1.16,30.01,60.31,1005.0,3935.0,87.9,-115,0.3
2025-12-30 12:23:00,NODO 1.26,30.43,63.26,1005.0,3886.0,88.1,-106,8.3
2025-12-30 12:24:05,NODO 1.2,29.69,79.2,1004.0,3871.0,87.5,-92,11.5
2025-12-30 12:24:22,NODO 1.31,29.27,64.88,1005.0,3861.0,86.9,-110,5.3
2025-12-30 12:25:51,NODO 1.22,31.07,59.32,1003.0,3896.0,87.0,-109,6.3
2025-12-30 12:26:45,NODO 1.20,29.4,72.99,1005.0,3891.0,86.5,-109,6.5
2025-12-30 12:28:40,NODO 1.18,31.95,67.78,1004.0,3891.0,86.6,-92,13.5
2025-12-30 12:29:02,NODO 1.12,30.73,57.1,1005.0,3891.0,86.8,-104,9.8
2025-12-30 12:30:20,NODO 1.9,37.31,39.04,1005.0,3920.0,87.4,-103,10.5
2025-12-30 12:30:23,NODO 1.30,30.85,64.69,1004.0,3945.0,87.9,-109,6.0
2025-12-30 12:32:28,NODO 1.1,38.05,42.09,1004.0,3905.0,88.0,-107,7.5
2025-12-30 12:32:33,NODO 1.29,29.75,66.2,1003.0,3896.0,88.1,-93,13.5
2025-12-30 12:34:28,NODO 1.27,31.32,55.46,1004.0,3621.0,85.4,-93,13.3
2025-12-30 12:37:25,NODO 1.11,28.21,72.45,1003.0,3994.0,86.1,-110,5.3
2025-12-30 12:38:08,NODO 1.32,29.3,83.3,1004.0,3964.0,86.3,-108,7.3
2025-12-30 12:38:33,NODO 1.13,32.31,53.86,1004.0,3915.0,86.4,-116,-4.3
2025-12-30 12:40:18,NODO 1.10,30.05,61.68,1005.0,3915.0,86.6,-88,14.3
2025-12-30 12:41:43,NODO 1.3,30.66,58.26,1004.0,3861.0,89.0,-105,4.0
2025-12-30 12:42:17,NODO 1.25,35.52,44.24,1004.0,3915.0,88.2,-117,-5.5
2025-12-30 12:43:41,NODO 1.5,34.84,46.84,1004.0,3881.0,87.4,-96,12.5
2025-12-30 12:44:02,NODO 1.24,37.89,39.69,1004.0,3930.0,87.5,-113,2.0
2025-12-30 12:45:23,NODO 1.28,30.86,68.6,1004.0,3861.0,87.0,-110,6.0
2025-12-30 12:45:46,NODO 1.8,32.07,65.13,1003.0,3896.0,87.3,-110,6.0
2025-12-30 12:47:25,NODO 1.19,35.24,45.31,1004.0,3930.0,87.5,-90,13.5
2025-12-30 12:49:33,NODO 1.21,30.1,58.46,1004.0,3861.0,87.3,-108,7.3
2025-12-30 12:50:12,NODO 1.6,37.96,41.27,1004.0,3886.0,86.8,-91,13.5
2025-12-30 12:50:12,NODO 1.17,32.41,53.51,1003.0,3861.0,86.8,-93,13.0
2025-12-30 12:50:37,NODO 1.4,32.58,53.75,1004.0,3935.0,87.2,-97,13.3
2025-12-30 12:51:51,NODO 1.14,30.62,61.84,1004.0,3915.0,87.1,-86,13.8
2025-12-30 12:51:59,NODO 1.7,28.84,69.62,1004.0,3891.0,87.4,-106,7.0
2025-12-30 12:52:24,NODO 1.16,30.06,60.31,1004.0,3935.0,87.9,-116,-6.3
2025-12-30 12:52:57,NODO 1.26,30.71,60.9,1004.0,3886.0,88.1,-113,2.8
2025-12-30 12:54:01,NODO 1.2,30.2,73.28,1003.0,3871.0,87.5,-90,13.5
2025-12-30 12:54:20,NODO 1.31,29.36,64.93,1004.0,3861.0,86.9,-109,1.5
2025-12-30 12:55:48,NODO 1.22,31.05,57.83,1003.0,3896.0,87.0,-107,7.8
2025-12-30 12:56:40,NODO 1.20,29.41,71.54,1005.0,3891.0,86.5,-116,-1.5
2025-12-30 12:58:35,NODO 1.18,31.26,68.33,1003.0,3886.0,86.5,-102,11.0
2025-12-30 12:58:58,NODO 1.12,30.35,59.49,1004.0,3891.0,86.8,-101,11.8
2025-12-30 13:00:11,NODO 1.9,33.74,47.87,1004.0,3920.0,87.3,-107,7.5
2025-12-30 13:00:17,NODO 1.30,30.45,64.25,1004.0,3945.0,87.8,-113,3.3
2025-12-30 13:02:17,NODO 1.1,33.59,51.95,1003.0,3900.0,87.9,-104,9.0
2025-12-30 13:02:30,NODO 1.29,29.86,63.28,1003.0,3905.0,88.1,-94,13.5
2025-12-30 13:04:23,NODO 1.27,31.17,56.94,1004.0,3621.0,85.4,-94,13.8
2025-12-30 13:07:21,NODO 1.11,28.51,70.79,1002.0,3984.0,86.0,-99,10.0
2025-12-30 13:08:07,NODO 1.32,29.6,78.47,1003.0,3964.0,86.2,-110,5.0
2025-12-30 13:08:27,NODO 1.13,32.47,52.79,1003.0,3915.0,86.4,-112,0.8
2025-12-30 13:10:13,NODO 1.10,30.01,63.29,1004.0,3915.0,86.5,-89,13.8
2025-12-30 13:11:38,NODO 1.3,30.84,57.38,1004.0,3861.0,88.9,-98,10.0
2025-12-30 13:12:07,NODO 1.25,34.64,45.42,1003.0,3915.0,88.2,-116,-6.8
2025-12-30 13:13:35,NODO 1.5,36.13,44.34,1003.0,3886.0,87.4,-110,5.3
2025-12-30 13:14:00,NODO 1.24,39.34,37.87,1003.0,3935.0,87.6,-112,4.0
2025-12-30 13:15:20,NODO 1.28,31.12,68.95,1004.0,3856.0,87.0,-107,8.3
2025-12-30 13:15:44,NODO 1.8,32.61,65.11,1002.0,3900.0,87.4,-105,9.0
2025-12-30 13:17:23,NODO 1.19,37.05,41.54,1003.0,3935.0,87.6,-93,13.0
2025-12-30 13:18:36,NODO 1.15,36.68,55.88,1004.0,3871.0,87.5,-117,-9.0
2025-12-30 13:19:31,NODO 1.21,30.75,57.36,1003.0,3861.0,86.7,-110,5.3
2025-12-30 13:20:09,NODO 1.17,32.84,53.0,1003.0,3861.0,86.8,-90,13.5
2025-12-30 13:20:12,NODO 1.6,41.01,37.22,1003.0,3891.0,86.7,-89,14.0
2025-12-30 13:20:32,NODO 1.4,33.07,51.77,1003.0,3935.0,86.7,-93,12.5
2025-12-30 13:21:46,NODO 1.14,31.5,60.05,1003.0,3915.0,87.1,-95,13.8
2025-12-30 13:21:58,NODO 1.7,29.6,63.06,1003.0,3891.0,87.4,-106,8.5
2025-12-30 13:22:25,NODO 1.16,30.37,61.12,1003.0,3930.0,88.1,-117,-4.3
2025-12-30 13:22:54,NODO 1.26,31.59,60.57,1004.0,3886.0,88.1,-108,7.3
2025-12-30 13:24:00,NODO 1.2,32.03,70.61,1003.0,3891.0,87.6,-92,13.3
2025-12-30 13:24:15,NODO 1.31,29.9,63.98,1003.0,3861.0,87.1,-113,1.3
2025-12-30 13:25:48,NODO 1.22,32.43,55.66,1002.0,3896.0,87.1,-96,13.3
2025-12-30 13:26:38,NODO 1.20,29.99,71.16,1004.0,3896.0,86.8,-110,6.0
2025-12-30 13:28:34,NODO 1.18,31.81,65.65,1003.0,3891.0,86.8,-97,12.8
2025-12-30 13:28:55,NODO 1.12,30.83,61.66,1004.0,3891.0,86.8,-105,8.5
2025-12-30 13:30:14,NODO 1.9,37.91,41.23,1003.0,3920.0,87.4,-105,9.3
2025-12-30 13:30:17,NODO 1.30,31.15,58.48,1003.0,3945.0,87.9,-116,-2.8
2025-12-30 13:32:16,NODO 1.1,34.23,50.67,1002.0,3900.0,88.0,-104,9.8
2025-12-30 13:32:25,NODO 1.29,30.73,59.4,1002.0,3905.0,88.1,-96,11.0
2025-12-30 13:34:22,NODO 1.27,31.95,53.78,1003.0,3621.0,85.4,-96,12.3
2025-12-30 13:37:17,NODO 1.11,29.14,66.49,1002.0,3998.0,86.2,-95,13.3
2025-12-30 13:38:06,NODO 1.32,30.3,71.88,1002.0,3964.0,86.4,-109,6.0
2025-12-30 13:38:23,NODO 1.13,33.24,49.44,1003.0,3915.0,86.5,-109,6.5
2025-12-30 13:40:08,NODO 1.10,30.73,59.21,1003.0,3915.0,86.6,-85,14.5
2025-12-30 13:41:35,NODO 1.3,31.24,54.54,1003.0,3871.0,89.1,-95,12.8
2025-12-30 13:42:04,NODO 1.25,37.0,39.88,1002.0,3915.0,88.3,-119,-3.5
2025-12-30 13:43:30,NODO 1.5,38.53,38.05,1002.0,3881.0,87.5,-97,13.0
2025-12-30 13:44:00,NODO 1.24,41.64,32.19,1002.0,3949.0,87.8,-114,-1.3
2025-12-30 13:45:14,NODO 1.28,31.45,67.5,1003.0,3861.0,87.3,-107,8.0
2025-12-30 13:45:43,NODO 1.8,34.22,59.56,1002.0,3900.0,87.6,-110,2.8
2025-12-30 13:47:22,NODO 1.19,40.33,33.94,1003.0,3935.0,87.8,-88,13.8
2025-12-30 13:48:32,NODO 1.15,36.2,55.82,1003.0,3871.0,87.7,-117,-3.3
2025-12-30 13:50:06,NODO 1.17,33.16,48.47,1002.0,3861.0,86.8,-99,12.0
2025-12-30 13:50:09,NODO 1.6,42.48,31.81,1002.0,3886.0,87.0,-92,13.5
2025-12-30 13:50:28,NODO 1.4,33.34,49.12,1002.0,3945.0,87.5,-101,11.8
2025-12-30 13:51:43,NODO 1.14,32.98,53.12,1003.0,3915.0,87.3,-85,14.3
2025-12-30 13:51:59,NODO 1.7,30.27,59.09,1002.0,3891.0,87.5,-105,9.3
2025-12-30 13:52:24,NODO 1.16,30.59,57.87,1003.0,3930.0,88.2,-115,-0.3
2025-12-30 13:52:52,NODO 1.26,32.41,56.31,1003.0,3891.0,88.2,-109,6.5
2025-12-30 13:53:59,NODO 1.2,33.93,64.29,1002.0,3871.0,87.5,-89,13.8
2025-12-30 13:54:12,NODO 1.31,30.52,59.94,1003.0,3861.0,86.9,-109,6.0
2025-12-30 13:55:47,NODO 1.22,33.54,50.93,1002.0,3905.0,87.1,-103,10.8
2025-12-30 13:56:36,NODO 1.20,30.83,67.18,1003.0,3900.0,86.8,-107,8.0
2025-12-30 13:58:31,NODO 1.18,32.06,65.3,1002.0,3886.0,86.7,-91,13.5
2025-12-30 13:58:56,NODO 1.12,31.68,57.82,1003.0,3891.0,86.9,-103,9.8
2025-12-30 14:00:14,NODO 1.30,31.42,59.59,1003.0,3949.0,87.8,-111,4.3
2025-12-30 14:00:17,NODO 1.9,39.5,36.06,1003.0,3920.0,88.0,-101,10.0
2025-12-30 14:02:15,NODO 1.1,35.41,50.14,1002.0,3905.0,88.0,-108,7.8
2025-12-30 14:02:22,NODO 1.29,31.43,57.27,1001.0,3905.0,88.2,-104,10.0
2025-12-30 14:04:22,NODO 1.27,32.12,54.14,1003.0,3626.0,85.5,-96,11.5
2025-12-30 14:07:14,NODO 1.11,29.78,64.36,1001.0,3984.0,85.9,-101,11.3
2025-12-30 14:08:02,NODO 1.32,30.37,76.82,1002.0,3964.0,86.3,-109,6.5
2025-12-30 14:08:20,NODO 1.13,34.05,51.66,1002.0,3915.0,86.4,-111,4.3
2025-12-30 14:10:04,NODO 1.10,30.84,59.73,1003.0,3915.0,86.5,-85,14.0
2025-12-30 14:11:32,NODO 1.3,31.33,56.34,1003.0,3861.0,88.9,-104,10.5
2025-12-30 14:11:59,NODO 1.25,34.62,45.88,1002.0,3915.0,88.2,-115,0.3
2025-12-30 14:13:25,NODO 1.5,36.22,44.38,1002.0,3881.0,87.4,-103,9.0
2025-12-30 14:13:56,NODO 1.24,39.0,37.54,1002.0,3935.0,87.6,-114,0.5
2025-12-30 14:15:10,NODO 1.28,31.53,72.91,1003.0,3861.0,87.0,-108,7.5
2025-12-30 14:15:40,NODO 1.8,34.12,61.67,1001.0,3905.0,87.5,-105,9.0
2025-12-30 14:17:17,NODO 1.19,38.84,37.6,1003.0,3935.0,87.7,-90,11.8
2025-12-30 14:18:24,NODO 1.15,36.31,57.72,1003.0,3851.0,87.4,-112,3.0
2025-12-30 14:19:25,NODO 1.21,30.97,55.64,1003.0,3861.0,86.6,-113,1.5
2025-12-30 14:20:00,NODO 1.6,40.93,34.81,1002.0,3891.0,86.9,-90,13.8
2025-12-30 14:20:03,NODO 1.17,33.09,49.06,1002.0,3861.0,86.5,-93,13.0
2025-12-30 14:20:23,NODO 1.4,33.24,49.9,1002.0,3935.0,86.5,-101,11.5
2025-12-30 14:21:34,NODO 1.14,31.7,58.61,1003.0,3915.0,87.1,-89,11.8
2025-12-30 14:21:54,NODO 1.7,30.27,61.22,1002.0,3891.0,87.4,-107,7.3
2025-12-30 14:22:23,NODO 1.16,30.68,58.54,1003.0,3935.0,87.9,-114,0.8
2025-12-30 14:22:47,NODO 1.26,32.18,57.53,1003.0,3886.0,88.1,-112,3.5
2025-12-30 14:23:52,NODO 1.2,33.72,63.86,1002.0,3891.0,87.7,-93,11.3
2025-12-30 14:24:06,NODO 1.31,30.69,61.31,1003.0,3861.0,87.1,-114,1.5
2025-12-30 14:25:48,NODO 1.22,38.45,42.1,1001.0,3905.0,87.3,-101,12.0
2025-12-30 14:26:32,NODO 1.20,31.26,64.35,1003.0,3900.0,86.9,-111,3.5
2025-12-30 14:28:26,NODO 1.18,32.04,66.01,1002.0,3886.0,86.9,-94,11.0
2025-12-30 14:28:51,NODO 1.12,31.64,56.72,1003.0,3891.0,86.9,-106,8.5
2025-12-30 14:30:11,NODO 1.9,40.2,35.54,1003.0,3920.0,87.5,-103,10.5
2025-12-30 14:30:14,NODO 1.30,31.48,58.81,1003.0,3959.0,88.1,-112,3.3
2025-12-30 14:32:19,NODO 1.29,31.73,55.67,1001.0,3905.0,88.1,-96,12.3
2025-12-30 14:32:23,NODO 1.1,44.29,32.07,1002.0,3900.0,88.2,-106,7.3
2025-12-30 14:34:17,NODO 1.27,31.86,54.64,1003.0,3621.0,85.5,-98,12.8
2025-12-30 14:37:09,NODO 1.11,30.47,60.94,1001.0,3984.0,86.2,-95,13.3
2025-12-30 14:37:57,NODO 1.32,30.54,75.85,1002.0,3964.0,86.2,-108,7.5
2025-12-30 14:38:20,NODO 1.13,35.23,47.59,1002.0,3915.0,86.3,-111,4.3
2025-12-30 14:40:00,NODO 1.10,31.13,57.86,1003.0,3915.0,86.5,-92,11.3
2025-12-30 14:41:27,NODO 1.3,31.83,54.88,1003.0,3871.0,89.0,-101,10.8
2025-12-30 14:41:57,NODO 1.25,36.93,40.88,1002.0,3915.0,88.3,-116,-1.8
2025-12-30 14:43:23,NODO 1.5,39.75,36.84,1002.0,3891.0,87.6,-104,9.5
2025-12-30 14:43:55,NODO 1.24,41.38,33.38,1002.0,3930.0,87.7,-109,6.5
2025-12-30 14:45:06,NODO 1.28,31.7,68.83,1003.0,3856.0,87.1,-109,5.5
2025-12-30 14:45:38,NODO 1.8,34.23,60.99,1001.0,3905.0,87.5,-101,11.0
2025-12-30 14:47:17,NODO 1.19,41.76,32.56,1002.0,3935.0,87.7,-88,13.5
2025-12-30 14:48:23,NODO 1.15,36.47,56.48,1003.0,3871.0,87.5,-114,-5.8
2025-12-30 14:49:21,NODO 1.21,30.95,57.99,1002.0,3861.0,86.8,-113,2.0
2025-12-30 14:49:57,NODO 1.6,41.86,33.2,1002.0,3891.0,87.1,-87,13.5
2025-12-30 14:50:00,NODO 1.17,33.16,49.62,1002.0,3861.0,86.7,-92,13.3
2025-12-30 14:50:18,NODO 1.4,33.34,50.67,1002.0,3945.0,86.8,-93,11.3
2025-12-30 14:51:28,NODO 1.14,31.5,59.51,1002.0,3915.0,87.2,-90,13.5
2025-12-30 14:51:53,NODO 1.7,30.5,60.95,1002.0,3896.0,87.6,-114,0.5
2025-12-30 14:52:22,NODO 1.16,31.2,57.58,1002.0,3930.0,88.0,-111,4.0
2025-12-30 14:52:44,NODO 1.26,33.08,55.71,1003.0,3891.0,88.3,-103,10.3
2025-12-30 14:53:51,NODO 1.2,34.79,62.39,1001.0,3871.0,87.5,-89,13.8
2025-12-30 14:54:02,NODO 1.31,31.3,59.23,1002.0,3871.0,87.1,-116,-3.0
2025-12-30 14:55:50,NODO 1.22,40.18,37.89,1001.0,3915.0,87.3,-100,12.0
2025-12-30 14:56:29,NODO 1.20,31.61,65.74,1003.0,3896.0,86.9,-116,-6.0
2025-12-30 14:58:22,NODO 1.18,32.16,66.27,1002.0,3886.0,86.9,-91,14.0
2025-12-30 14:58:50,NODO 1.12,32.06,57.96,1003.0,3891.0,87.1,-103,11.0
2025-12-30 15:00:09,NODO 1.9,39.33,37.57,1002.0,3925.0,87.6,-106,8.8
2025-12-30 15:00:12,NODO 1.30,31.5,61.4,1002.0,3959.0,88.1,-117,-4.5
2025-12-30 15:02:16,NODO 1.29,31.69,58.48,1001.0,3905.0,88.2,-107,8.5
2025-12-30 15:04:13,NODO 1.27,31.47,56.96,1002.0,3621.0,85.5,-96,12.8
2025-12-30 15:07:01,NODO 1.1,46.04,27.47,1001.0,3915.0,85.8,-97,12.5
2025-12-30 15:07:54,NODO 1.32,30.46,77.39,1002.0,3964.0,86.1,-106,8.8
2025-12-30 15:08:19,NODO 1.13,34.23,49.75,1002.0,3915.0,85.7,-110,5.3
2025-12-30 15:09:57,NODO 1.10,30.95,60.27,1003.0,3915.0,85.8,-85,13.8
2025-12-30 15:11:23,NODO 1.3,31.75,56.41,1002.0,3861.0,88.2,-101,11.8
2025-12-30 15:11:52,NODO 1.25,36.72,42.18,1002.0,3915.0,88.2,-117,-6.3
2025-12-30 15:13:18,NODO 1.5,36.37,44.68,1002.0,3886.0,87.4,-104,10.0
2025-12-30 15:13:52,NODO 1.24,39.23,38.31,1002.0,3935.0,87.6,-109,6.0
2025-12-30 15:15:03,NODO 1.28,31.42,70.21,1002.0,3856.0,87.0,-107,7.8
2025-12-30 15:15:36,NODO 1.8,32.98,64.79,1001.0,3900.0,87.4,-99,11.8
2025-12-30 15:17:13,NODO 1.19,39.57,36.75,1002.0,3925.0,87.5,-92,13.8
2025-12-30 15:18:18,NODO 1.15,33.55,64.91,1003.0,3851.0,87.2,-117,-4.5
2025-12-30 15:19:18,NODO 1.21,30.53,59.83,1002.0,3861.0,86.4,-110,5.8
2025-12-30 15:19:52,NODO 1.6,38.93,39.95,1002.0,3886.0,86.7,-90,13.8
2025-12-30 15:19:54,NODO 1.17,33.0,52.13,1002.0,3861.0,86.3,-95,12.8
2025-12-30 15:20:13,NODO 1.4,32.88,53.72,1002.0,3935.0,86.4,-99,11.3
2025-12-30 15:21:24,NODO 1.14,31.16,61.38,1002.0,3915.0,87.1,-90,13.0
2025-12-30 15:21:52,NODO 1.7,30.11,64.41,1002.0,3891.0,87.4,-111,4.0
2025-12-30 15:22:41,NODO 1.26,32.45,58.41,1003.0,3886.0,87.4,-106,8.0
2025-12-30 15:23:44,NODO 1.2,32.91,67.55,1001.0,3871.0,87.5,-91,13.8
2025-12-30 15:23:56,NODO 1.31,30.59,62.33,1002.0,3871.0,86.8,-110,5.0
2025-12-30 15:25:42,NODO 1.22,36.59,45.75,1001.0,3900.0,86.7,-104,10.0
2025-12-30 15:26:24,NODO 1.20,31.27,67.05,1003.0,3896.0,86.7,-111,5.0
2025-12-30 15:28:17,NODO 1.18,31.47,69.03,1002.0,3891.0,86.8,-95,13.5
2025-12-30 15:28:47,NODO 1.12,31.6,57.3,1003.0,3891.0,87.0,-103,10.8
2025-12-30 15:29:59,NODO 1.9,34.65,47.11,1003.0,3920.0,87.5,-103,10.5
2025-12-30 15:30:05,NODO 1.30,30.83,62.9,1002.0,3959.0,88.1,-112,3.0
2025-12-30 15:32:10,NODO 1.29,31.13,60.96,1001.0,3905.0,88.2,-97,12.5
2025-12-30 15:34:10,NODO 1.27,31.09,58.63,1002.0,3621.0,85.5,-95,13.3
2025-12-30 15:37:03,NODO 1.11,30.06,64.13,1001.0,3984.0,86.4,-106,8.8
2025-12-30 15:37:48,NODO 1.32,30.03,77.27,1002.0,3964.0,86.8,-117,-8.0
2025-12-30 15:38:10,NODO 1.13,32.28,54.99,1002.0,3905.0,86.3,-115,1.0
2025-12-30 15:39:52,NODO 1.10,30.46,61.75,1003.0,3915.0,86.4,-90,13.8
2025-12-30 15:41:17,NODO 1.3,31.06,58.58,1002.0,3861.0,88.8,-97,12.8
2025-12-30 15:41:43,NODO 1.25,34.64,46.92,1002.0,3915.0,88.1,-117,-8.3
2025-12-30 15:43:12,NODO 1.5,33.95,50.54,1002.0,3881.0,87.3,-111,3.8
2025-12-30 15:43:48,NODO 1.24,35.91,45.35,1002.0,3935.0,87.6,-111,2.5
2025-12-30 15:44:59,NODO 1.28,30.84,70.96,1002.0,3851.0,86.9,-104,9.8
2025-12-30 15:45:33,NODO 1.8,31.9,66.56,1001.0,3900.0,87.3,-99,12.0
2025-12-30 15:47:07,NODO 1.19,36.25,43.05,1002.0,3925.0,87.4,-85,14.0
2025-12-30 15:48:11,NODO 1.15,32.43,66.63,1003.0,3851.0,87.1,-114,-0.3
2025-12-30 15:49:44,NODO 1.6,35.24,47.45,1002.0,3886.0,86.6,-94,11.3
2025-12-30 15:49:47,NODO 1.17,31.9,55.42,1002.0,3861.0,86.7,-92,13.5
2025-12-30 15:50:08,NODO 1.4,32.02,55.35,1002.0,3935.0,87.1,-98,12.5
2025-12-30 15:51:19,NODO 1.14,30.66,63.17,1002.0,3915.0,87.0,-86,13.8
2025-12-30 15:51:53,NODO 1.7,29.62,63.8,1002.0,3891.0,87.4,-106,6.8
2025-12-30 15:52:18,NODO 1.16,30.27,60.99,1002.0,3935.0,87.9,-109,6.3
2025-12-30 15:52:33,NODO 1.26,31.4,60.95,1003.0,3886.0,88.1,-113,2.5
2025-12-30 15:53:39,NODO 1.2,31.66,70.51,1002.0,3871.0,87.5,-89,13.8
2025-12-30 15:53:52,NODO 1.31,29.93,64.74,1003.0,3871.0,87.0,-113,2.0
2025-12-30 15:55:35,NODO 1.22,35.68,47.35,1001.0,3900.0,87.1,-96,13.0
2025-12-30 15:56:20,NODO 1.20,30.94,67.57,1003.0,3896.0,86.7,-109,6.0
2025-12-30 15:58:13,NODO 1.18,30.9,70.29,1002.0,3886.0,86.7,-90,14.0
2025-12-30 15:58:44,NODO 1.12,31.02,61.07,1003.0,3891.0,86.9,-102,11.0
2025-12-30 15:59:53,NODO 1.9,33.74,51.07,1003.0,3920.0,87.4,-100,12.0
2025-12-30 16:00:01,NODO 1.30,30.4,64.54,1003.0,3945.0,87.9,-115,-1.8
2025-12-30 16:02:04,NODO 1.29,30.53,61.88,1001.0,3896.0,87.9,-102,10.8
2025-12-30 16:04:06,NODO 1.27,30.46,60.43,1003.0,3621.0,85.2,-100,12.3
2025-12-30 16:06:38,NODO 1.1,32.98,54.4,1002.0,3905.0,85.4,-95,11.3
2025-12-30 16:07:00,NODO 1.11,29.67,65.88,1001.0,3984.0,86.0,-114,-2.3
2025-12-30 16:07:44,NODO 1.32,29.69,80.46,1002.0,3964.0,86.2,-110,4.8
2025-12-30 16:08:00,NODO 1.13,30.94,60.02,1002.0,3900.0,86.2,-116,-4.3
2025-12-30 16:09:46,NODO 1.10,29.95,63.88,1003.0,3915.0,89.2,-87,11.5
2025-12-30 16:11:35,NODO 1.25,32.78,53.08,1002.0,3915.0,89.3,-113,2.0
2025-12-30 16:13:06,NODO 1.5,32.78,54.61,1002.0,3871.0,88.2,-99,12.3
2025-12-30 16:13:45,NODO 1.24,34.15,50.49,1002.0,3935.0,87.9,-113,2.0
2025-12-30 16:14:54,NODO 1.28,30.45,73.42,1003.0,3847.0,87.3,-104,9.5
2025-12-30 16:15:30,NODO 1.8,31.03,69.86,1001.0,3900.0,87.2,-97,12.3
2025-12-30 16:17:03,NODO 1.19,34.31,48.48,1002.0,3925.0,87.3,-91,11.8
2025-12-30 16:18:06,NODO 1.15,31.36,70.82,1003.0,3851.0,87.1,-115,-1.8
2025-12-30 16:19:10,NODO 1.21,29.47,64.64,1003.0,3861.0,86.3,-109,6.5
2025-12-30 16:19:38,NODO 1.6,33.06,54.42,1002.0,3886.0,86.7,-90,11.8
2025-12-30 16:19:41,NODO 1.17,30.96,58.52,1002.0,3861.0,86.3,-94,13.3
2025-12-30 16:20:04,NODO 1.4,31.44,58.84,1002.0,3935.0,86.4,-104,10.3
2025-12-30 16:21:14,NODO 1.14,30.16,66.43,1003.0,3915.0,87.1,-88,13.5
2025-12-30 16:21:53,NODO 1.7,29.45,68.0,1002.0,3891.0,87.4,-112,3.3
2025-12-30 16:22:16,NODO 1.16,29.79,65.41,1003.0,3935.0,87.9,-116,-8.8
2025-12-30 16:22:26,NODO 1.26,30.58,65.49,1003.0,3886.0,88.1,-106,8.8
2025-12-30 16:23:31,NODO 1.2,30.79,74.79,1002.0,3871.0,87.5,-93,13.5
2025-12-30 16:23:45,NODO 1.31,29.4,67.05,1003.0,3861.0,86.9,-112,1.5
2025-12-30 16:25:31,NODO 1.22,33.68,53.75,1002.0,3905.0,87.1,-100,12.0
2025-12-30 16:26:14,NODO 1.20,30.49,71.26,1003.0,3891.0,86.6,-107,7.5
2025-12-30 16:28:09,NODO 1.18,30.3,73.68,1002.0,3886.0,86.6,-92,13.5
2025-12-30 16:28:41,NODO 1.12,30.39,64.03,1003.0,3891.0,86.8,-104,10.3
2025-12-30 16:29:48,NODO 1.9,31.81,57.75,1003.0,3915.0,87.4,-102,11.3
2025-12-30 16:29:56,NODO 1.30,29.79,68.26,1003.0,3945.0,87.8,-111,3.0
2025-12-30 16:32:00,NODO 1.29,29.96,64.98,1001.0,3891.0,87.8,-96,11.3
2025-12-30 16:34:02,NODO 1.27,30.01,63.05,1003.0,3611.0,85.0,-94,11.0
2025-12-30 16:36:33,NODO 1.1,31.44,59.89,1002.0,3900.0,85.1,-101,11.8
2025-12-30 16:36:55,NODO 1.11,29.41,68.24,1001.0,3984.0,85.8,-104,9.8
2025-12-30 16:37:39,NODO 1.32,29.44,81.49,1002.0,3959.0,86.0,-112,2.5
2025-12-30 16:37:55,NODO 1.13,30.45,62.29,1002.0,3900.0,86.0,-114,-1.0
2025-12-30 16:39:42,NODO 1.10,29.64,65.84,1003.0,3915.0,89.1,-91,13.5
2025-12-30 16:41:08,NODO 1.3,30.51,61.14,1003.0,3851.0,88.6,-94,11.3
2025-12-30 16:41:29,NODO 1.25,33.12,51.59,1002.0,3915.0,87.9,-113,1.8
2025-12-30 16:42:59,NODO 1.5,31.71,57.27,1002.0,3881.0,87.1,-97,10.5
2025-12-30 16:43:42,NODO 1.24,34.72,49.03,1002.0,3930.0,87.4,-114,0.8
2025-12-30 16:44:49,NODO 1.28,30.13,74.94,1003.0,3847.0,86.7,-108,6.8
2025-12-30 16:45:25,NODO 1.8,30.72,70.93,1001.0,3900.0,87.2,-100,11.8
2025-12-30 16:46:58,NODO 1.19,32.72,52.12,1002.0,3915.0,87.2,-93,13.3
2025-12-30 16:48:01,NODO 1.15,31.11,71.15,1003.0,3851.0,86.9,-114,1.0
2025-12-30 16:49:07,NODO 1.21,29.26,63.38,1003.0,3856.0,86.2,-112,2.8
2025-12-30 16:49:32,NODO 1.6,32.14,55.73,1002.0,3886.0,86.6,-90,14.0
2025-12-30 16:49:36,NODO 1.17,30.84,58.12,1002.0,3856.0,86.1,-95,11.5
2025-12-30 16:49:58,NODO 1.4,30.95,58.61,1002.0,3935.0,86.3,-94,13.5
2025-12-30 16:51:07,NODO 1.14,30.07,64.86,1003.0,3905.0,86.9,-89,14.3
2025-12-30 16:51:49,NODO 1.7,29.32,66.98,1002.0,3891.0,87.2,-114,0.8
2025-12-30 16:52:15,NODO 1.16,29.69,63.16,1003.0,3930.0,87.7,-116,-2.3
2025-12-30 16:52:21,NODO 1.26,30.17,65.47,1003.0,3886.0,88.0,-115,
2025-12-30 16:53:28,NODO 1.2,30.76,73.27,1002.0,3871.0,87.3,-92,14.0
2025-12-30 16:53:40,NODO 1.31,29.13,66.59,1003.0,3861.0,86.9,-113,1.8
2025-12-30 16:55:32,NODO 1.22,34.84,48.81,1002.0,3905.0,87.0,-100,12.0
2025-12-30 16:56:11,NODO 1.20,30.67,69.78,1003.0,3896.0,86.7,-113,2.0
2025-12-30 16:58:05,NODO 1.18,29.85,72.53,1002.0,3861.0,86.4,-97,13.0
2025-12-30 16:58:40,NODO 1.12,30.18,62.49,1003.0,3891.0,86.6,-105,9.3
2025-12-30 16:59:43,NODO 1.9,31.54,57.17,1003.0,3920.0,87.2,-103,10.5
2025-12-30 16:59:54,NODO 1.30,29.59,66.85,1003.0,3945.0,87.6,-111,4.3
2025-12-30 17:01:55,NODO 1.29,29.68,64.06,1002.0,3900.0,87.7,-101,12.0
2025-12-30 17:03:59,NODO 1.27,29.84,61.98,1003.0,3621.0,85.3,-100,12.3
2025-12-30 17:06:28,NODO 1.1,30.34,61.0,1002.0,3900.0,85.4,-99,11.5
2025-12-30 17:06:52,NODO 1.11,29.2,66.6,1001.0,3984.0,86.0,-106,8.3
2025-12-30 17:07:50,NODO 1.13,30.06,62.92,1003.0,3900.0,85.5,-113,1.3
2025-12-30 17:09:38,NODO 1.10,29.26,65.92,1003.0,3915.0,85.7,-88,13.8
2025-12-30 17:11:02,NODO 1.3,30.42,61.38,1003.0,3861.0,88.1,-95,13.0
2025-12-30 17:11:18,NODO 1.25,32.09,54.3,1002.0,3915.0,88.2,-115,-1.5
2025-12-30 17:12:55,NODO 1.5,30.99,58.93,1002.0,3881.0,87.2,-107,8.0
2025-12-30 17:13:38,NODO 1.24,33.9,50.38,1002.0,3930.0,87.5,-115,-1.8
2025-12-30 17:14:44,NODO 1.28,29.73,76.06,1003.0,3851.0,86.9,-109,6.0
2025-12-30 17:15:22,NODO 1.8,30.13,71.58,1002.0,3900.0,87.3,-104,10.5
2025-12-30 17:16:53,NODO 1.19,31.1,56.12,1003.0,3915.0,87.3,-88,13.3
2025-12-30 17:17:54,NODO 1.15,29.9,74.13,1003.0,3851.0,87.0,-115,-1.5
2025-12-30 17:19:03,NODO 1.21,29.0,64.29,1003.0,3856.0,86.2,-112,2.0
2025-12-30 17:19:27,NODO 1.6,31.42,57.7,1003.0,3886.0,86.6,-90,13.8
2025-12-30 17:19:33,NODO 1.17,30.32,59.04,1002.0,3861.0,86.2,-91,11.0
2025-12-30 17:19:53,NODO 1.4,30.46,59.94,1003.0,3930.0,86.3,-99,12.8
2025-12-30 17:21:02,NODO 1.14,29.46,66.43,1003.0,3905.0,86.9,-89,14.0
2025-12-30 17:21:46,NODO 1.7,28.8,66.95,1003.0,3886.0,87.2,-104,10.5
2025-12-30 17:22:13,NODO 1.16,29.6,63.81,1003.0,3935.0,87.7,-110,4.3
2025-12-30 17:22:17,NODO 1.26,29.84,65.9,1003.0,3881.0,87.9,-111,5.0
2025-12-30 17:23:24,NODO 1.2,30.98,72.11,1002.0,3871.0,87.3,-90,13.5
2025-12-30 17:23:34,NODO 1.31,28.72,68.66,1003.0,3861.0,86.8,-111,4.3
2025-12-30 17:26:16,NODO 1.20,31.86,64.94,1004.0,3900.0,87.0,-112,3.5
2025-12-30 17:28:36,NODO 1.12,29.65,64.83,1003.0,3891.0,86.5,-104,10.0
2025-12-30 17:29:38,NODO 1.9,30.67,60.14,1003.0,3915.0,86.9,-104,10.5
2025-12-30 17:29:48,NODO 1.30,29.13,68.96,1003.0,3945.0,87.6,-114,0.5
2025-12-30 17:33:53,NODO 1.27,29.06,65.32,1003.0,3621.0,85.2,-96,13.0
2025-12-30 17:36:28,NODO 1.1,29.31,63.65,1002.0,3891.0,85.1,-103,10.8
2025-12-30 17:36:46,NODO 1.11,28.93,68.12,1002.0,3969.0,85.9,-107,1.5
2025-12-30 17:37:32,NODO 1.32,29.15,82.07,1002.0,3964.0,86.4,-111,4.3
2025-12-30 17:37:45,NODO 1.13,29.34,65.26,1003.0,3905.0,86.0,-112,3.0
2025-12-30 17:39:33,NODO 1.10,28.81,67.82,1004.0,3915.0,88.9,-87,13.5
2025-12-30 17:40:59,NODO 1.3,30.08,62.2,1003.0,3861.0,88.6,-97,13.0
2025-12-30 17:41:07,NODO 1.25,30.31,59.86,1003.0,3915.0,88.1,-117,-5.8
2025-12-30 17:44:39,NODO 1.28,29.23,76.68,1003.0,3847.0,86.9,-105,7.5
2025-12-30 17:45:19,NODO 1.8,29.39,74.57,1002.0,3900.0,86.9,-105,9.5
2025-12-30 17:46:49,NODO 1.19,29.71,61.42,1003.0,3915.0,86.9,-89,13.8
2025-12-30 17:47:48,NODO 1.15,28.81,78.1,1004.0,3851.0,86.8,-115,-0.5
2025-12-30 17:48:59,NODO 1.21,28.42,67.27,1003.0,3856.0,86.2,-108,6.3
2025-12-30 17:49:20,NODO 1.6,29.79,63.37,1003.0,3881.0,86.5,-93,13.3
2025-12-30 17:49:47,NODO 1.4,29.62,63.09,1003.0,3935.0,86.9,-109,6.5
2025-12-30 17:50:56,NODO 1.14,28.93,68.99,1003.0,3905.0,86.8,-87,13.5
2025-12-30 17:51:44,NODO 1.7,28.27,69.95,1003.0,3886.0,87.1,-109,6.0
2025-12-30 17:52:11,NODO 1.16,28.6,67.17,1003.0,3935.0,87.9,-114,0.8
2025-12-30 17:53:15,NODO 1.2,29.74,76.22,1002.0,3871.0,87.8,-93,11.3
2025-12-30 17:53:27,NODO 1.31,28.28,70.39,1003.0,3861.0,87.1,-117,-5.5
2025-12-30 17:55:19,NODO 1.22,31.11,59.66,1002.0,3896.0,87.0,-95,13.0
2025-12-30 17:56:04,NODO 1.20,29.44,72.04,1004.0,3891.0,87.0,-111,4.3
2025-12-30 17:57:57,NODO 1.18,28.78,76.29,1003.0,3881.0,86.5,-95,13.8
2025-12-30 17:59:33,NODO 1.9,29.64,62.58,1004.0,3915.0,86.9,-99,10.3
2025-12-30 17:59:44,NODO 1.30,28.53,71.09,1003.0,3945.0,87.8,-113,2.5
2025-12-30 18:01:49,NODO 1.29,28.6,67.94,1002.0,3891.0,87.7,-107,8.0
2025-12-30 18:03:47,NODO 1.27,28.62,66.34,1003.0,3616.0,85.0,-98,13.0
2025-12-30 18:06:26,NODO 1.1,28.36,67.8,1002.0,3896.0,85.1,-107,8.5
2025-12-30 18:06:41,NODO 1.11,28.31,69.51,1002.0,3984.0,85.8,-113,2.5
2025-12-30 18:07:29,NODO 1.32,28.44,83.5,1003.0,3964.0,86.0,-108,7.0
2025-12-30 18:07:40,NODO 1.13,28.7,67.21,1003.0,3891.0,86.0,-108,7.0
2025-12-30 18:09:29,NODO 1.10,28.28,68.58,1004.0,3905.0,88.9,-88,14.0
2025-12-30 18:10:55,NODO 1.3,29.16,64.38,1003.0,3861.0,88.5,-97,12.8
2025-12-30 18:10:57,NODO 1.25,28.82,64.11,1003.0,3915.0,87.9,-112,3.3
2025-12-30 18:12:44,NODO 1.5,29.3,64.77,1003.0,3861.0,86.8,-106,9.3
2025-12-30 18:13:30,NODO 1.24,28.89,65.38,1003.0,3920.0,87.1,-112,3.3
2025-12-30 18:14:35,NODO 1.28,28.69,78.28,1003.0,3851.0,86.6,-106,8.8
2025-12-30 18:15:16,NODO 1.8,28.66,76.2,1002.0,3891.0,86.9,-106,9.0
2025-12-30 18:16:44,NODO 1.19,28.57,64.33,1003.0,3915.0,86.9,-88,14.3
2025-12-30 18:18:53,NODO 1.21,27.98,68.04,1004.0,3861.0,86.9,-109,6.8
2025-12-30 18:19:15,NODO 1.6,28.54,66.38,1003.0,3871.0,86.4,-88,13.8
2025-12-30 18:19:22,NODO 1.17,28.72,64.05,1003.0,3856.0,86.4,-91,13.8
2025-12-30 18:20:50,NODO 1.14,28.51,70.08,1004.0,3900.0,86.5,-86,14.0
2025-12-30 18:21:41,NODO 1.7,27.81,71.04,1003.0,3891.0,86.3,-105,9.0
2025-12-30 18:22:08,NODO 1.26,28.5,71.46,1004.0,3886.0,86.5,-107,8.0
2025-12-30 18:23:08,NODO 1.2,28.86,78.85,1003.0,3871.0,86.5,-90,13.8
2025-12-30 18:23:21,NODO 1.31,27.82,71.24,1004.0,3856.0,86.5,-111,3.8
2025-12-30 18:25:13,NODO 1.22,29.97,63.16,1003.0,3896.0,86.5,-96,12.5
2025-12-30 18:25:59,NODO 1.20,28.64,74.94,1004.0,3891.0,86.5,-112,3.0
2025-12-30 18:27:52,NODO 1.18,28.27,78.25,1003.0,3861.0,86.2,-95,13.0
2025-12-30 18:28:30,NODO 1.12,58.06,100.0,1603.0,3891.0,86.5,-105,9.5
2025-12-30 18:29:28,NODO 1.9,28.95,64.98,1004.0,3891.0,86.8,-100,12.0
2025-12-30 18:31:45,NODO 1.29,28.04,69.81,1002.0,3891.0,86.8,-95,11.3
2025-12-30 18:33:42,NODO 1.27,28.04,68.83,1004.0,3611.0,83.5,-96,12.5
2025-12-30 18:36:21,NODO 1.1,27.71,70.33,1003.0,3900.0,84.1,-105,9.5
2025-12-30 18:36:39,NODO 1.11,27.95,70.86,1002.0,3984.0,85.3,-107,8.0
2025-12-30 18:37:25,NODO 1.32,28.08,85.32,1003.0,3959.0,86.0,-110,5.3
2025-12-30 18:37:35,NODO 1.13,28.12,69.17,1003.0,3900.0,86.0,-106,7.0
2025-12-30 18:39:26,NODO 1.10,27.89,69.99,1004.0,3905.0,89.0,-85,14.3
2025-12-30 18:40:49,NODO 1.3,28.53,66.22,1004.0,3851.0,88.5,-96,13.0
2025-12-30 18:40:52,NODO 1.25,27.88,66.85,1003.0,3905.0,87.7,-117,-7.5
2025-12-30 18:42:38,NODO 1.5,28.79,66.41,1003.0,3861.0,86.7,-104,9.5
2025-12-30 18:43:26,NODO 1.24,27.82,69.04,1003.0,3920.0,86.9,-109,-6.3
2025-12-30 18:44:30,NODO 1.28,28.23,79.99,1004.0,3851.0,86.4,-104,9.8
2025-12-30 18:45:12,NODO 1.8,28.13,78.36,1002.0,3891.0,86.8,-102,9.8
2025-12-30 18:46:38,NODO 1.19,27.76,66.54,1004.0,3915.0,86.9,-84,14.3
2025-12-30 18:47:36,NODO 1.15,27.57,81.3,1004.0,3847.0,86.7,-112,1.5
2025-12-30 18:48:48,NODO 1.21,27.66,68.73,1004.0,3861.0,86.2,-113,1.5
2025-12-30 18:49:09,NODO 1.6,27.7,70.46,1004.0,3851.0,86.2,-87,13.5
2025-12-30 18:49:17,NODO 1.17,28.11,65.71,1003.0,3856.0,85.8,-89,13.3
2025-12-30 18:49:38,NODO 1.4,28.43,66.24,1004.0,3935.0,86.0,-96,12.8
2025-12-30 18:50:46,NODO 1.14,28.11,71.24,1004.0,3905.0,86.6,-87,13.5
2025-12-30 18:52:02,NODO 1.26,28.1,72.63,1004.0,3891.0,86.9,-107,7.8
2025-12-30 18:52:06,NODO 1.16,27.74,70.09,1004.0,3925.0,87.6,-111,3.3
2025-12-30 18:53:04,NODO 1.2,28.4,79.68,1003.0,3871.0,87.8,-91,13.8
2025-12-30 18:53:16,NODO 1.31,27.45,72.04,1004.0,3856.0,87.0,-111,2.3
2025-12-30 18:55:07,NODO 1.22,29.05,66.08,1003.0,3891.0,86.8,-97,12.8
2025-12-30 18:55:53,NODO 1.20,28.18,76.06,1004.0,3891.0,86.8,-113,1.3
2025-12-30 18:57:47,NODO 1.18,27.85,78.81,1004.0,3871.0,86.3,-97,12.5
2025-12-30 18:58:25,NODO 1.12,27.9,70.18,1004.0,3891.0,86.5,-103,10.3
2025-12-30 18:59:23,NODO 1.9,28.22,67.82,1004.0,3905.0,87.0,-103,10.5
2025-12-30 18:59:34,NODO 1.30,27.74,73.32,1004.0,3945.0,87.5,-110,5.3
2025-12-30 19:01:39,NODO 1.29,27.68,70.38,1003.0,3891.0,87.5,-99,12.3
2025-12-30 19:03:40,NODO 1.27,27.91,68.75,1004.0,3621.0,85.0,-98,12.8
2025-12-30 19:06:17,NODO 1.1,27.26,71.19,1003.0,3891.0,85.0,-107,6.0
2025-12-30 19:06:33,NODO 1.11,27.7,71.58,1003.0,3984.0,85.8,-105,9.3
2025-12-30 19:07:22,NODO 1.32,27.75,86.24,1003.0,3959.0,86.0,-108,6.3
2025-12-30 19:07:32,NODO 1.13,27.7,70.57,1004.0,3900.0,86.0,-115,-0.5
2025-12-30 19:09:21,NODO 1.10,27.56,71.16,1004.0,3905.0,88.9,-86,13.5
2025-12-30 19:10:43,NODO 1.25,27.28,69.4,1004.0,3900.0,89.0,-116,-4.8
2025-12-30 19:10:45,NODO 1.3,28.13,67.86,1004.0,3851.0,87.7,-95,11.0
2025-12-30 19:12:32,NODO 1.5,28.14,69.79,1004.0,3861.0,86.7,-107,8.3
2025-12-30 19:13:22,NODO 1.24,27.18,71.37,1004.0,3920.0,86.9,-112,3.0
2025-12-30 19:14:25,NODO 1.28,27.88,79.85,1004.0,3851.0,86.3,-109,6.8
2025-12-30 19:15:08,NODO 1.8,27.8,78.71,1003.0,3891.0,86.2,-107,8.3
2025-12-30 19:16:33,NODO 1.19,27.22,68.96,1004.0,3905.0,86.8,-91,14.0
2025-12-30 19:17:31,NODO 1.15,27.06,83.4,1005.0,3847.0,86.6,-117,-6.8
2025-12-30 19:18:45,NODO 1.21,27.36,69.24,1004.0,3856.0,86.0,-111,3.5
2025-12-30 19:19:03,NODO 1.6,27.11,72.25,1004.0,3871.0,86.2,-88,14.3
2025-12-30 19:19:13,NODO 1.17,27.68,66.65,1004.0,3856.0,85.8,-90,14.0
2025-12-30 19:19:33,NODO 1.4,28.04,67.3,1004.0,3925.0,86.0,-98,10.5
2025-12-30 19:21:38,NODO 1.7,27.09,73.23,1004.0,3886.0,86.4,-110,6.0
2025-12-30 19:21:58,NODO 1.26,27.84,72.85,1005.0,3871.0,86.6,-110,5.0
2025-12-30 19:22:04,NODO 1.16,27.48,70.65,1004.0,3925.0,87.1,-115,-0.5
2025-12-30 19:23:00,NODO 1.2,28.05,80.42,1004.0,3871.0,87.3,-90,13.5
2025-12-30 19:23:12,NODO 1.31,27.12,73.43,1004.0,3856.0,86.6,-114,0.5
2025-12-30 19:25:03,NODO 1.22,28.58,67.78,1003.0,3891.0,86.6,-98,12.0
2025-12-30 19:25:46,NODO 1.20,28.03,76.23,1005.0,3886.0,86.8,-111,5.0
2025-12-30 19:27:43,NODO 1.18,27.47,79.34,1004.0,3881.0,86.3,-104,10.3
2025-12-30 19:28:23,NODO 1.12,27.37,72.34,1005.0,3891.0,86.5,-104,9.8
2025-12-30 19:29:18,NODO 1.9,27.64,70.45,1005.0,3905.0,87.0,-102,10.5
2025-12-30 19:29:30,NODO 1.30,27.42,74.17,1005.0,3945.0,87.6,-110,4.0
2025-12-30 19:31:35,NODO 1.29,27.34,71.84,1003.0,3891.0,87.6,-100,12.0
2025-12-30 19:36:13,NODO 1.1,26.89,71.83,1004.0,3896.0,87.8,-104,9.3
2025-12-30 19:36:29,NODO 1.11,27.44,72.14,1003.0,3974.0,88.6,-106,8.8
2025-12-30 19:37:16,NODO 1.32,27.48,87.19,1004.0,3964.0,89.2,-107,7.0
2025-12-30 19:37:27,NODO 1.13,27.3,71.12,1004.0,3891.0,88.7,-114,0.8
2025-12-30 19:39:17,NODO 1.10,27.23,71.77,1005.0,3905.0,88.8,-89,13.3
2025-12-30 19:40:41,NODO 1.3,27.81,68.99,1004.0,3851.0,88.3,-95,12.8
2025-12-30 19:42:29,NODO 1.5,28.12,68.84,1004.0,3871.0,87.3,-104,9.0
2025-12-30 19:43:20,NODO 1.24,26.75,73.31,1004.0,3920.0,86.9,-112,4.3
2025-12-30 19:44:22,NODO 1.28,27.52,81.28,1004.0,3851.0,86.5,-105,9.3
2025-12-30 19:45:05,NODO 1.8,27.5,79.96,1003.0,3891.0,86.3,-104,9.5
2025-12-30 19:46:31,NODO 1.19,26.85,70.74,1004.0,3905.0,86.9,-85,14.0
2025-12-30 19:47:28,NODO 1.15,26.81,84.29,1005.0,3851.0,86.7,-117,-7.5
2025-12-30 19:48:42,NODO 1.21,27.14,69.84,1005.0,3861.0,86.1,-109,6.5
2025-12-30 19:49:00,NODO 1.6,26.77,75.45,1004.0,3851.0,86.1,-95,13.8
2025-12-30 19:49:08,NODO 1.17,27.46,67.8,1004.0,3856.0,85.7,-91,13.5
2025-12-30 19:49:26,NODO 1.4,27.8,69.07,1004.0,3925.0,85.9,-98,13.0
2025-12-30 19:50:36,NODO 1.14,27.38,74.6,1005.0,3905.0,86.5,-91,14.0
2025-12-30 19:51:36,NODO 1.7,26.82,75.21,1004.0,3886.0,86.7,-105,8.5
2025-12-30 19:51:53,NODO 1.26,27.61,74.69,1005.0,3886.0,87.1,-113,2.3
2025-12-30 19:52:00,NODO 1.16,27.31,71.63,1005.0,3925.0,87.8,-111,4.3
2025-12-30 19:52:54,NODO 1.2,27.77,81.73,1004.0,3871.0,87.2,-91,13.5
2025-12-30 19:54:59,NODO 1.22,28.19,69.37,1004.0,3896.0,87.1,-98,12.5
2025-12-30 19:55:41,NODO 1.20,27.89,77.12,1005.0,3891.0,87.2,-110,5.5
2025-12-30 19:57:39,NODO 1.18,27.2,80.88,1004.0,3886.0,87.2,-97,12.5
2025-12-30 19:58:18,NODO 1.12,26.94,74.67,1005.0,3891.0,86.8,-105,8.5
2025-12-30 19:59:15,NODO 1.9,27.17,72.93,1005.0,3891.0,87.0,-103,9.3
2025-12-30 19:59:27,NODO 1.30,27.22,76.05,1005.0,3935.0,87.4,-111,2.8
2025-12-30 20:01:29,NODO 1.29,27.11,72.91,1003.0,3891.0,87.4,-90,13.8
2025-12-30 20:03:34,NODO 1.27,27.19,70.85,1005.0,3606.0,84.5,-100,12.0
2025-12-30 20:06:11,NODO 1.1,26.59,75.16,1004.0,3891.0,84.5,-104,9.5
2025-12-30 20:06:26,NODO 1.11,27.2,73.7,1003.0,3984.0,85.6,-110,5.5
2025-12-30 20:07:12,NODO 1.32,27.22,89.32,1004.0,3959.0,85.8,-106,9.0
2025-12-30 20:07:22,NODO 1.13,26.92,73.38,1004.0,3896.0,85.9,-110,4.8
2025-12-30 20:09:11,NODO 1.10,27.0,73.66,1005.0,3905.0,88.8,-86,14.0
2025-12-30 20:10:33,NODO 1.25,26.32,74.16,1004.0,3900.0,88.9,-117,-6.5
2025-12-30 20:10:36,NODO 1.3,27.52,70.33,1005.0,3851.0,87.6,-97,12.8
2025-12-30 20:12:22,NODO 1.5,27.82,70.53,1004.0,3861.0,86.6,-107,6.8
2025-12-30 20:13:17,NODO 1.24,26.26,76.68,1004.0,3920.0,86.9,-112,2.3
2025-12-30 20:15:01,NODO 1.8,27.25,81.3,1004.0,3891.0,86.7,-102,11.3
2025-12-30 20:16:30,NODO 1.19,26.48,72.24,1005.0,3905.0,86.8,-92,13.5
2025-12-30 20:17:28,NODO 1.15,26.32,86.92,1005.0,3847.0,86.7,-113,1.5
2025-12-30 20:18:39,NODO 1.21,26.92,71.24,1005.0,3861.0,86.7,-108,7.0
2025-12-30 20:18:54,NODO 1.6,26.43,75.15,1005.0,3871.0,86.2,-90,14.0
2025-12-30 20:19:03,NODO 1.17,27.16,69.64,1004.0,3856.0,85.9,-90,13.8
2025-12-30 20:19:21,NODO 1.4,27.47,69.88,1004.0,3930.0,86.2,-107,7.5
2025-12-30 20:20:31,NODO 1.14,27.16,76.09,1005.0,3900.0,86.7,-88,14.3
2025-12-30 20:21:35,NODO 1.7,26.53,76.02,1005.0,3886.0,86.9,-104,9.3
2025-12-30 20:21:48,NODO 1.26,27.29,76.22,1005.0,3881.0,87.0,-107,7.5
2025-12-30 20:21:59,NODO 1.16,27.05,72.83,1005.0,3930.0,87.8,-109,6.8
2025-12-30 20:22:51,NODO 1.2,27.57,82.56,1004.0,3861.0,87.1,-94,13.8
2025-12-30 20:23:04,NODO 1.31,26.31,76.16,1005.0,3856.0,86.6,-114,1.0
2025-12-30 20:24:54,NODO 1.22,27.72,71.42,1004.0,3891.0,86.7,-102,11.3
2025-12-30 20:25:35,NODO 1.20,27.49,79.3,1005.0,3891.0,86.8,-110,5.0
2025-12-30 20:27:36,NODO 1.18,26.86,83.25,1005.0,3861.0,86.1,-103,10.8
2025-12-30 20:28:14,NODO 1.12,26.63,76.34,1005.0,3891.0,86.4,-102,7.8
2025-12-30 20:29:09,NODO 1.9,26.89,73.65,1005.0,3905.0,86.9,-100,12.0
2025-12-30 20:29:23,NODO 1.30,27.05,76.65,1005.0,3945.0,87.4,-116,-3.5
2025-12-30 20:31:26,NODO 1.29,26.89,74.35,1004.0,3891.0,87.4,-95,13.5
2025-12-30 20:33:32,NODO 1.27,26.99,71.6,1005.0,3606.0,84.8,-101,11.3
2025-12-30 20:36:08,NODO 1.1,26.34,76.93,1004.0,3891.0,84.8,-105,9.0
2025-12-30 20:36:23,NODO 1.11,27.03,74.77,1004.0,3984.0,85.7,-102,11.3
2025-12-30 20:37:08,NODO 1.32,27.01,90.99,1004.0,3964.0,85.9,-106,9.0
2025-12-30 20:37:19,NODO 1.13,26.61,75.02,1005.0,3900.0,86.0,-116,-2.5
2025-12-30 20:39:07,NODO 1.10,26.73,74.76,1005.0,3905.0,88.9,-87,13.3
2025-12-30 20:40:25,NODO 1.25,25.58,76.96,1005.0,3900.0,89.0,-115,-2.0
2025-12-30 20:40:32,NODO 1.3,26.97,73.79,1005.0,3851.0,87.7,-96,12.8
2025-12-30 20:42:19,NODO 1.5,27.23,74.84,1005.0,3871.0,86.8,-106,8.5
2025-12-30 20:43:13,NODO 1.24,25.59,81.47,1005.0,3920.0,87.0,-116,-3.3
2025-12-30 20:44:14,NODO 1.28,26.87,85.98,1005.0,3847.0,86.4,-104,9.8
2025-12-30 20:44:58,NODO 1.8,26.99,83.7,1004.0,3891.0,86.3,-107,8.3
2025-12-30 20:46:24,NODO 1.19,26.05,74.62,1005.0,3905.0,86.8,-86,12.5
2025-12-30 20:47:22,NODO 1.15,25.93,89.96,1006.0,3847.0,86.6,-115,-1.0
2025-12-30 20:48:37,NODO 1.21,26.6,71.64,1005.0,3856.0,86.0,-110,5.0
2025-12-30 20:48:49,NODO 1.6,25.88,80.97,1005.0,3851.0,86.0,-86,13.8
2025-12-30 20:48:58,NODO 1.17,26.73,72.73,1004.0,3856.0,85.7,-88,13.8
2025-12-30 20:49:16,NODO 1.4,27.1,72.04,1005.0,3925.0,85.8,-101,11.3
2025-12-30 20:50:25,NODO 1.14,26.87,78.83,1005.0,3905.0,86.4,-88,14.0
2025-12-30 20:51:33,NODO 1.7,26.17,78.33,1005.0,3881.0,86.7,-105,9.0
2025-12-30 20:51:43,NODO 1.26,26.93,79.11,1005.0,3871.0,86.9,-111,1.8
2025-12-30 20:51:57,NODO 1.16,26.54,76.19,1005.0,3925.0,87.6,-116,-2.3
2025-12-30 20:52:45,NODO 1.2,27.22,84.71,1004.0,3861.0,86.9,-90,14.0
2025-12-30 20:52:57,NODO 1.31,25.83,79.17,1005.0,3851.0,86.4,-111,5.0
2025-12-30 20:54:50,NODO 1.22,27.13,75.12,1004.0,3891.0,86.5,-98,13.3
2025-12-30 20:55:31,NODO 1.20,27.13,81.57,1006.0,3886.0,86.6,-111,3.3
2025-12-30 20:57:31,NODO 1.18,26.45,84.3,1005.0,3871.0,86.1,-99,12.0
2025-12-30 20:58:13,NODO 1.12,26.12,80.29,1005.0,3891.0,86.4,-103,10.0
2025-12-30 20:59:03,NODO 1.9,26.43,77.38,1006.0,3905.0,86.9,-99,12.5
2025-12-30 20:59:20,NODO 1.30,26.6,79.84,1005.0,3945.0,87.5,-107,6.3
2025-12-30 21:01:21,NODO 1.29,26.43,76.38,1004.0,3896.0,87.6,-92,13.5
2025-12-30 21:03:26,NODO 1.27,26.53,75.1,1005.0,3611.0,85.0,-95,12.8
2025-12-30 21:06:05,NODO 1.1,26.1,77.26,1005.0,3891.0,85.0,-107,7.5
2025-12-30 21:06:19,NODO 1.11,26.73,76.08,1004.0,3969.0,85.6,-109,6.5
2025-12-30 21:07:04,NODO 1.32,26.77,91.37,1005.0,3959.0,85.8,-108,7.3
2025-12-30 21:07:14,NODO 1.13,26.32,77.41,1005.0,3891.0,85.7,-111,3.5
2025-12-30 21:09:02,NODO 1.10,26.36,76.44,1006.0,3905.0,88.7,-86,10.3
2025-12-30 21:10:27,NODO 1.3,26.72,74.8,1005.0,3851.0,88.2,-97,12.3
2025-12-30 21:12:15,NODO 1.5,26.48,78.5,1005.0,3861.0,87.2,-98,12.5
2025-12-30 21:13:11,NODO 1.24,25.23,83.32,1005.0,3920.0,86.8,-114,-0.3
2025-12-30 21:14:11,NODO 1.28,26.72,85.49,1005.0,3847.0,86.3,-106,7.3
2025-12-30 21:14:55,NODO 1.8,26.74,84.29,1004.0,3891.0,86.2,-105,9.5
2025-12-30 21:16:20,NODO 1.19,25.57,76.62,1005.0,3905.0,86.7,-90,13.8
2025-12-30 21:17:18,NODO 1.15,25.77,90.07,1006.0,3847.0,86.6,-115,-0.5
2025-12-30 21:18:34,NODO 1.21,26.41,74.57,1005.0,3861.0,86.0,-108,7.3
2025-12-30 21:18:45,NODO 1.6,25.6,81.24,1005.0,3871.0,86.2,-88,13.5
2025-12-30 21:18:52,NODO 1.17,26.38,74.34,1005.0,3856.0,85.9,-88,11.8
2025-12-30 21:19:11,NODO 1.4,26.77,73.86,1005.0,3930.0,86.2,-104,9.8
2025-12-30 21:20:20,NODO 1.14,26.27,81.93,1005.0,3900.0,86.7,-86,14.0
2025-12-30 21:21:32,NODO 1.7,26.06,80.87,1005.0,3886.0,86.9,-110,5.3
2025-12-30 21:21:37,NODO 1.26,26.71,80.05,1006.0,3886.0,87.1,-113,2.0
2025-12-30 21:21:57,NODO 1.16,26.5,76.45,1005.0,3930.0,87.8,-115,-7.5
2025-12-30 21:22:39,NODO 1.2,26.96,85.52,1005.0,3861.0,87.1,-90,13.3
2025-12-30 21:22:51,NODO 1.31,25.81,80.71,1005.0,3856.0,86.7,-110,5.0
2025-12-30 21:24:43,NODO 1.22,26.8,76.67,1004.0,3891.0,86.7,-98,10.5
2025-12-30 21:25:25,NODO 1.20,26.94,82.37,1006.0,3891.0,86.8,-110,5.8
2025-12-30 21:27:26,NODO 1.18,26.13,86.09,1005.0,3886.0,86.3,-99,12.3
2025-12-30 21:28:10,NODO 1.12,26.05,79.81,1006.0,3891.0,86.7,-104,7.8
2025-12-30 21:28:59,NODO 1.9,26.51,75.8,1006.0,3905.0,87.1,-98,11.0
2025-12-30 21:29:16,NODO 1.30,26.57,79.3,1006.0,3945.0,87.7,-110,6.3
2025-12-30 21:31:17,NODO 1.29,26.37,76.84,1004.0,3891.0,87.7,-94,13.8
2025-12-30 21:33:23,NODO 1.27,26.43,75.0,1006.0,3602.0,84.8,-94,13.5
2025-12-30 21:36:02,NODO 1.1,26.07,78.31,1005.0,3891.0,84.8,-107,8.8
2025-12-30 21:36:15,NODO 1.11,26.58,76.61,1004.0,3984.0,85.6,-104,9.5
2025-12-30 21:37:03,NODO 1.32,26.78,91.66,1005.0,3959.0,85.8,-109,6.5
2025-12-30 21:37:09,NODO 1.13,26.19,77.3,1005.0,3891.0,85.8,-109,6.3
2025-12-30 21:38:58,NODO 1.10,26.21,76.99,1006.0,3905.0,88.8,-88,13.3
2025-12-30 21:40:10,NODO 1.25,25.43,78.85,1005.0,3900.0,88.9,-114,1.3
2025-12-30 21:40:21,NODO 1.3,26.71,73.73,1006.0,3851.0,87.6,-95,13.5
2025-12-30 21:42:12,NODO 1.5,27.0,74.56,1005.0,3861.0,86.6,-108,7.0
2025-12-30 21:43:10,NODO 1.24,25.42,81.52,1005.0,3920.0,86.9,-114,-0.5
2025-12-30 21:44:09,NODO 1.28,26.8,85.6,1006.0,3851.0,86.3,-113,2.5
2025-12-30 21:44:53,NODO 1.8,26.71,84.07,1004.0,3891.0,86.2,-101,11.8
2025-12-30 21:46:15,NODO 1.19,25.56,76.65,1005.0,3905.0,86.8,-87,13.5
2025-12-30 21:48:33,NODO 1.21,26.56,73.71,1006.0,3856.0,86.7,-111,4.3
2025-12-30 21:48:48,NODO 1.17,26.4,73.54,1005.0,3847.0,86.0,-90,14.0
2025-12-30 21:49:07,NODO 1.4,26.84,72.77,1005.0,3925.0,86.7,-102,10.8
2025-12-30 21:50:17,NODO 1.14,26.52,79.66,1006.0,3900.0,86.8,-87,13.5
2025-12-30 21:51:32,NODO 1.7,25.95,79.29,1005.0,3886.0,86.6,-109,6.5
2025-12-30 21:51:33,NODO 1.26,26.8,78.96,1006.0,3886.0,86.9,-111,4.0
2025-12-30 21:51:56,NODO 1.16,26.65,75.26,1006.0,3925.0,87.7,-116,-3.5
2025-12-30 21:52:35,NODO 1.2,26.93,85.63,1005.0,3871.0,87.2,-91,13.5
2025-12-30 21:52:48,NODO 1.31,26.01,78.76,1006.0,3851.0,86.7,-113,2.5
2025-12-30 21:54:39,NODO 1.22,26.7,76.7,1005.0,3891.0,86.7,-100,12.3
2025-12-30 21:55:24,NODO 1.20,26.97,81.77,1006.0,3891.0,86.8,-106,8.3
2025-12-30 21:57:24,NODO 1.18,26.21,86.59,1005.0,3856.0,86.1,-104,9.8
2025-12-30 21:58:09,NODO 1.12,26.13,79.62,1006.0,3891.0,86.3,-102,10.8
2025-12-30 21:58:52,NODO 1.9,26.43,76.44,1006.0,3905.0,86.8,-102,10.8
2025-12-30 21:59:13,NODO 1.30,26.61,79.2,1006.0,3945.0,87.4,-107,6.5
2025-12-30 22:01:15,NODO 1.29,26.47,76.46,1004.0,3891.0,87.4,-102,11.0
2025-12-30 22:03:18,NODO 1.27,26.45,75.69,1006.0,3606.0,84.8,-99,10.5
2025-12-30 22:05:59,NODO 1.1,25.98,77.95,1005.0,3896.0,84.9,-106,8.8
2025-12-30 22:06:12,NODO 1.11,26.58,76.62,1004.0,3984.0,85.7,-114,1.5
2025-12-30 22:07:01,NODO 1.32,26.83,91.16,1005.0,3949.0,85.8,-108,7.3
2025-12-30 22:07:06,NODO 1.13,26.1,78.3,1006.0,3891.0,85.8,-115,-4.3
2025-12-30 22:08:54,NODO 1.10,26.23,78.14,1006.0,3905.0,88.8,-86,13.8
2025-12-30 22:10:03,NODO 1.25,24.94,81.06,1005.0,3900.0,88.8,-116,-3.5
2025-12-30 22:10:19,NODO 1.3,26.49,75.35,1006.0,3851.0,87.5,-96,12.8
2025-12-30 22:12:08,NODO 1.5,26.93,74.84,1005.0,3856.0,86.5,-99,12.0
2025-12-30 22:13:08,NODO 1.24,25.05,83.64,1005.0,3920.0,86.8,-110,4.5
2025-12-30 22:14:04,NODO 1.28,26.75,85.57,1006.0,3851.0,86.3,-108,4.8
2025-12-30 22:14:50,NODO 1.8,26.67,84.36,1005.0,3891.0,86.2,-107,7.8
2025-12-30 22:16:11,NODO 1.19,25.48,78.13,1006.0,3900.0,86.7,-84,13.3
2025-12-30 22:17:14,NODO 1.15,25.72,90.31,1006.0,3847.0,86.6,-113,2.5
2025-12-30 22:18:31,NODO 1.21,26.56,73.89,1006.0,3861.0,86.0,-108,6.8
2025-12-30 22:18:40,NODO 1.6,25.78,79.98,1006.0,3871.0,86.2,-90,11.5
2025-12-30 22:18:42,NODO 1.17,26.18,74.9,1005.0,3851.0,85.8,-91,13.3
2025-12-30 22:19:02,NODO 1.4,26.69,74.02,1005.0,3925.0,86.0,-97,11.0
2025-12-30 22:20:11,NODO 1.14,26.29,81.03,1006.0,3896.0,86.5,-90,13.5
2025-12-30 22:21:27,NODO 1.26,26.52,80.45,1006.0,3871.0,86.6,-115,-0.8
