time,deviceName,accXRMS,accYRMS,accZRMS,temperature,humidity,bvoc,iaq,anomaly
2025-11-15 00:00:00,optaA,3.0,143.0,4058.0,42.75,72.17,2.05,237.0,-4.44
2025-11-15 00:00:01,optaA,4.0,141.0,4052.0,42.75,72.17,2.02,235.0,-4.45
2025-11-15 00:00:02,optaA,6.0,143.0,4053.0,42.75,72.17,2.02,235.0,-4.46
2025-11-15 00:00:03,optaA,7.0,144.0,4059.0,42.75,72.17,2.02,235.0,-4.45
2025-11-15 00:00:04,optaA,10.0,139.0,4059.0,42.75,72.17,2.02,235.0,-4.46
2025-11-15 00:00:05,optaA,6.0,142.0,4059.0,42.75,72.19,1.99,233.0,-4.45
2025-11-15 00:00:06,optaA,3.0,140.0,4057.0,42.75,72.19,1.99,233.0,-4.44
2025-11-15 00:00:07,optaA,10.0,140.0,4058.0,42.75,72.19,1.99,233.0,-4.47
2025-11-15 00:00:08,optaA,3.0,142.0,4058.0,42.75,72.19,2.03,236.0,-4.44
2025-11-15 00:00:09,optaA,7.0,140.0,4057.0,42.75,72.19,2.03,236.0,-4.45
2025-11-15 00:00:10,optaA,6.0,140.0,4058.0,42.75,72.19,2.03,236.0,-4.45
2025-11-15 00:00:11,optaA,5.0,140.0,4061.0,42.75,72.16,2.03,236.0,-4.45
2025-11-15 00:00:12,optaA,8.0,141.0,4059.0,42.75,72.16,2.03,236.0,-4.46
2025-11-15 00:00:13,optaA,10.0,143.0,4058.0,42.75,72.16,2.03,236.0,-4.46
2025-11-15 00:00:14,optaA,8.0,139.0,4056.0,42.75,72.17,2.03,236.0,-4.45
2025-11-15 00:00:15,optaA,7.0,143.0,4061.0,42.75,72.17,2.03,236.0,-4.45
2025-11-15 00:00:16,optaA,5.0,141.0,4057.0,42.75,72.17,2.03,236.0,-4.44
2025-11-15 00:00:17,optaA,2.0,141.0,4054.0,42.75,72.19,2.03,236.0,-4.44
2025-11-15 00:00:18,optaA,7.0,142.0,4059.0,42.75,72.19,2.03,236.0,-4.45
2025-11-15 00:00:19,optaA,5.0,138.0,4059.0,42.75,72.19,2.03,236.0,-4.44
2025-11-15 00:00:20,optaA,7.0,138.0,4057.0,42.75,72.16,2.05,237.0,-4.45
2025-11-15 00:00:21,optaA,5.0,137.0,4061.0,42.75,72.16,2.05,237.0,-4.44
2025-11-15 00:00:22,optaA,6.0,139.0,4061.0,42.75,72.16,2.05,237.0,-4.45
2025-11-15 00:00:23,optaA,8.0,139.0,4053.0,42.75,72.17,2.02,235.0,-4.46
2025-11-15 00:00:24,optaA,8.0,144.0,4060.0,42.75,72.17,2.02,235.0,-4.46
2025-11-15 00:00:25,optaA,4.0,142.0,4058.0,42.75,72.17,2.02,235.0,-4.44
2025-11-15 00:00:26,optaA,6.0,143.0,4061.0,42.75,72.17,2.02,235.0,-4.45
2025-11-15 00:00:27,optaA,5.0,144.0,4059.0,42.75,72.17,1.99,233.0,-4.45
2025-11-15 00:00:28,optaA,5.0,142.0,4056.0,42.75,72.17,1.99,233.0,-4.45
2025-11-15 00:00:29,optaA,4.0,144.0,4054.0,42.75,72.17,1.99,233.0,-4.45
2025-11-15 00:00:30,optaA,7.0,144.0,4054.0,42.75,72.17,2.03,236.0,-4.45
2025-11-15 00:00:31,optaA,5.0,142.0,4056.0,42.75,72.17,2.03,236.0,-4.45
2025-11-15 00:00:32,optaA,4.0,142.0,4057.0,42.75,72.17,2.03,236.0,-4.45
2025-11-15 00:00:33,optaA,8.0,141.0,4057.0,42.75,72.2,2.02,235.0,-4.45
2025-11-15 00:00:34,optaA,7.0,141.0,4059.0,42.75,72.2,2.02,235.0,-4.45
2025-11-15 00:00:35,optaA,6.0,140.0,4054.0,42.75,72.2,2.02,235.0,-4.45
2025-11-15 00:00:36,optaA,5.0,142.0,4060.0,42.75,72.19,2.03,236.0,-4.45
2025-11-15 00:00:37,optaA,6.0,139.0,4055.0,42.75,72.19,2.03,236.0,-4.46
2025-11-15 00:00:38,optaA,8.0,143.0,4059.0,42.75,72.19,2.03,236.0,-4.45
2025-11-15 00:00:39,optaA,9.0,141.0,4054.0,42.75,72.19,1.99,233.0,-4.46
2025-11-15 00:00:40,optaA,2.0,141.0,4058.0,42.75,72.19,1.99,233.0,-4.44
2025-11-15 00:00:41,optaA,7.0,140.0,4055.0,42.75,72.19,1.99,233.0,-4.46
2025-11-15 00:00:42,optaA,3.0,142.0,4059.0,42.75,72.19,2.01,234.0,-4.44
2025-11-15 00:00:43,optaA,1.0,147.0,4055.0,42.75,72.19,2.01,234.0,-4.43
2025-11-15 00:00:44,optaA,5.0,140.0,4057.0,42.75,72.19,2.01,234.0,-4.45
2025-11-15 00:00:45,optaA,6.0,141.0,4056.0,42.75,72.19,2.01,234.0,-4.45
2025-11-15 00:00:46,optaA,7.0,145.0,4059.0,42.75,72.18,2.03,236.0,-4.45
2025-11-15 00:00:47,optaA,6.0,143.0,4056.0,42.75,72.18,2.03,236.0,-4.45
2025-11-15 00:00:48,optaA,8.0,145.0,4062.0,42.75,72.18,2.03,236.0,-4.45
2025-11-15 00:00:49,optaA,2.0,141.0,4053.0,42.75,72.18,2.07,238.0,-4.44
2025-11-15 00:00:50,optaA,6.0,139.0,4059.0,42.75,72.18,2.07,238.0,-4.44
2025-11-15 00:00:51,optaA,6.0,145.0,4054.0,42.75,72.18,2.07,238.0,-4.45
2025-11-15 00:00:52,optaA,8.0,142.0,4056.0,42.75,72.18,2.07,239.0,-4.46
2025-11-15 00:00:53,optaA,3.0,145.0,4059.0,42.75,72.18,2.07,239.0,-4.45
2025-11-15 00:00:54,optaA,6.0,144.0,4055.0,42.75,72.18,2.07,239.0,-4.45
2025-11-15 00:00:55,optaA,7.0,141.0,4058.0,42.75,72.18,2.07,239.0,-4.46
2025-11-15 00:00:56,optaA,5.0,141.0,4049.0,42.75,72.18,2.07,239.0,-4.45
2025-11-15 00:00:57,optaA,6.0,141.0,4056.0,42.75,72.18,2.07,239.0,-4.45
2025-11-15 00:00:58,optaA,8.0,141.0,4057.0,42.75,72.18,2.03,236.0,-4.46
2025-11-15 00:00:59,optaA,6.0,140.0,4058.0,42.75,72.18,2.03,236.0,-4.46
2025-11-15 00:01:00,optaA,4.0,138.0,4054.0,42.75,72.18,2.03,236.0,-4.45
2025-11-15 00:01:01,optaA,5.0,139.0,4057.0,42.75,72.18,2.02,235.0,-4.45
2025-11-15 00:01:02,optaA,6.0,141.0,4058.0,42.75,72.18,2.02,235.0,-4.46
2025-11-15 00:01:03,optaA,5.0,143.0,4055.0,42.75,72.18,2.02,235.0,-4.45
2025-11-15 00:01:04,optaA,6.0,137.0,4058.0,42.75,72.18,2.01,235.0,-4.45
2025-11-15 00:01:05,optaA,4.0,141.0,4057.0,42.75,72.18,2.01,235.0,-4.44
2025-11-15 00:01:06,optaA,5.0,141.0,4062.0,42.75,72.18,2.01,235.0,-4.44
2025-11-15 00:01:07,optaA,7.0,138.0,4059.0,42.75,72.18,2.01,235.0,-4.45
2025-11-15 00:01:08,optaA,8.0,138.0,4064.0,42.75,72.18,2.04,236.0,-4.46
2025-11-15 00:01:09,optaA,5.0,139.0,4060.0,42.75,72.18,2.04,236.0,-4.46
2025-11-15 00:01:11,optaA,5.0,138.0,4055.0,42.75,72.18,2.04,236.0,-4.44
2025-11-15 00:01:11,optaA,8.0,145.0,4055.0,42.75,72.18,2.0,233.0,-4.45
2025-11-15 00:01:12,optaA,6.0,139.0,4059.0,42.75,72.18,2.0,233.0,-4.46
2025-11-15 00:01:13,optaA,4.0,142.0,4061.0,42.75,72.18,2.0,233.0,-4.45
2025-11-15 00:01:14,optaA,7.0,143.0,4060.0,42.75,72.18,1.95,231.0,-4.45
2025-11-15 00:01:15,optaA,5.0,146.0,4053.0,42.75,72.18,1.95,231.0,-4.44
2025-11-15 00:01:16,optaA,4.0,140.0,4057.0,42.75,72.18,1.95,231.0,-4.44
2025-11-15 00:01:17,optaA,5.0,144.0,4055.0,42.75,72.18,1.95,231.0,-4.45
2025-11-15 00:01:19,optaA,4.0,143.0,4060.0,42.75,72.18,1.95,231.0,-4.45
2025-11-15 00:01:19,optaA,6.0,143.0,4062.0,42.75,72.18,1.95,231.0,-4.45
2025-11-15 00:01:21,optaA,5.0,141.0,4054.0,42.75,72.18,1.99,233.0,-4.45
2025-11-15 00:01:22,optaA,7.0,142.0,4053.0,42.75,72.18,1.99,233.0,-4.45
2025-11-15 00:01:22,optaA,7.0,141.0,4056.0,42.75,72.18,1.99,233.0,-4.45
2025-11-15 00:01:24,optaA,8.0,143.0,4061.0,42.75,72.18,2.02,235.0,-4.46
2025-11-15 00:01:25,optaA,4.0,142.0,4059.0,42.75,72.18,2.02,235.0,-4.44
2025-11-15 00:01:26,optaA,7.0,142.0,4058.0,42.75,72.18,2.02,235.0,-4.45
2025-11-15 00:01:27,optaA,6.0,137.0,4057.0,42.75,72.18,2.02,235.0,-4.46
2025-11-15 00:01:28,optaA,7.0,140.0,4056.0,42.75,72.15,1.96,232.0,-4.45
2025-11-15 00:01:29,optaA,8.0,141.0,4060.0,42.75,72.15,1.96,232.0,-4.45
2025-11-15 00:01:30,optaA,6.0,138.0,4058.0,42.75,72.15,1.96,232.0,-4.45
2025-11-15 00:01:31,optaA,5.0,139.0,4055.0,42.75,72.16,1.96,231.0,-4.46
2025-11-15 00:01:32,optaA,5.0,141.0,4057.0,42.75,72.16,1.96,231.0,-4.45
2025-11-15 00:01:33,optaA,7.0,142.0,4058.0,42.75,72.16,1.96,231.0,-4.45
2025-11-15 00:01:34,optaA,4.0,138.0,4056.0,42.75,72.19,2.01,235.0,-4.44
2025-11-15 00:01:35,optaA,8.0,142.0,4057.0,42.75,72.19,2.01,235.0,-4.45
2025-11-15 00:01:36,optaA,6.0,141.0,4057.0,42.75,72.19,2.01,235.0,-4.46
2025-11-15 00:01:37,optaA,6.0,141.0,4056.0,42.75,72.18,1.97,233.0,-4.45
2025-11-15 00:01:38,optaA,6.0,140.0,4056.0,42.75,72.18,1.97,233.0,-4.45
2025-11-15 00:01:39,optaA,6.0,139.0,4059.0,42.75,72.18,1.97,233.0,-4.45
2025-11-15 00:01:40,optaA,7.0,139.0,4054.0,42.75,72.18,2.0,234.0,-4.44
2025-11-15 00:01:41,optaA,7.0,146.0,4060.0,42.75,72.18,2.0,234.0,-4.46
2025-11-15 00:01:42,optaA,6.0,143.0,4058.0,42.75,72.18,2.0,234.0,-4.46
2025-11-15 00:01:43,optaA,7.0,143.0,4059.0,42.75,72.18,2.02,235.0,-4.45
2025-11-15 00:01:44,optaA,8.0,137.0,4056.0,42.75,72.18,2.02,235.0,-4.45
2025-11-15 00:01:45,optaA,4.0,143.0,4059.0,42.75,72.18,2.02,235.0,-4.44
2025-11-15 00:01:46,optaA,6.0,137.0,4060.0,42.75,72.18,2.02,235.0,-4.45
2025-11-15 00:01:47,optaA,4.0,140.0,4056.0,42.75,72.18,1.96,232.0,-4.45
2025-11-15 00:01:48,optaA,5.0,143.0,4058.0,42.75,72.18,1.96,232.0,-4.45
2025-11-15 00:01:49,optaA,6.0,141.0,4060.0,42.75,72.18,1.96,232.0,-4.45
2025-11-15 00:01:50,optaA,5.0,142.0,4057.0,42.75,72.15,2.0,234.0,-4.45
2025-11-15 00:01:51,optaA,6.0,143.0,4058.0,42.75,72.15,2.0,234.0,-4.45
2025-11-15 00:01:52,optaA,7.0,143.0,4059.0,42.75,72.15,2.0,234.0,-4.45
2025-11-15 00:01:53,optaA,6.0,141.0,4059.0,42.75,72.16,1.99,233.0,-4.45
2025-11-15 00:01:54,optaA,7.0,142.0,4060.0,42.75,72.16,1.99,233.0,-4.45
2025-11-15 00:01:55,optaA,7.0,143.0,4063.0,42.75,72.16,1.99,233.0,-4.45
2025-11-15 00:01:56,optaA,7.0,143.0,4057.0,42.75,72.16,2.0,234.0,-4.45
2025-11-15 00:01:57,optaA,5.0,143.0,4063.0,42.75,72.16,2.0,234.0,-4.46
2025-11-15 00:01:58,optaA,7.0,143.0,4057.0,42.75,72.16,2.0,234.0,-4.45
2025-11-15 00:01:59,optaA,5.0,138.0,4059.0,42.75,72.17,2.02,235.0,-4.44
2025-11-15 00:02:00,optaA,4.0,143.0,4059.0,42.75,72.17,2.02,235.0,-4.45
2025-11-15 00:02:01,optaA,4.0,141.0,4055.0,42.75,72.17,2.02,235.0,-4.44
2025-11-15 00:02:02,optaA,7.0,139.0,4058.0,42.75,72.17,2.05,237.0,-4.46
2025-11-15 00:02:03,optaA,8.0,143.0,4054.0,42.75,72.17,2.05,237.0,-4.46
2025-11-15 00:02:04,optaA,7.0,143.0,4057.0,42.75,72.17,2.05,237.0,-4.46
2025-11-15 00:02:05,optaA,5.0,139.0,4054.0,42.75,72.17,2.08,239.0,-4.45
2025-11-15 00:02:06,optaA,4.0,141.0,4061.0,42.75,72.17,2.08,239.0,-4.44
2025-11-15 00:02:07,optaA,6.0,142.0,4055.0,42.75,72.17,2.08,239.0,-4.45
2025-11-15 00:02:08,optaA,3.0,141.0,4058.0,42.75,72.17,2.08,239.0,-4.45
2025-11-15 00:02:09,optaA,7.0,141.0,4058.0,42.75,72.17,2.05,237.0,-4.45
2025-11-15 00:02:10,optaA,5.0,143.0,4056.0,42.75,72.17,2.05,237.0,-4.45
2025-11-15 00:02:11,optaA,7.0,141.0,4055.0,42.75,72.17,2.05,237.0,-4.45
2025-11-15 00:02:12,optaA,5.0,141.0,4059.0,42.75,72.17,2.04,237.0,-4.45
2025-11-15 00:02:13,optaA,6.0,142.0,4057.0,42.75,72.17,2.04,237.0,-4.45
2025-11-15 00:02:14,optaA,5.0,146.0,4059.0,42.75,72.17,2.04,237.0,-4.45
2025-11-15 00:02:15,optaA,7.0,139.0,4057.0,42.75,72.17,2.04,237.0,-4.46
2025-11-15 00:02:16,optaA,4.0,140.0,4058.0,42.75,72.17,2.04,237.0,-4.44
2025-11-15 00:02:17,optaA,7.0,143.0,4056.0,42.75,72.17,2.04,237.0,-4.45
2025-11-15 00:02:18,optaA,5.0,142.0,4062.0,42.75,72.17,2.05,238.0,-4.46
2025-11-15 00:02:19,optaA,4.0,143.0,4059.0,42.75,72.17,2.05,238.0,-4.44
2025-11-15 00:02:20,optaA,6.0,144.0,4060.0,42.75,72.17,2.05,238.0,-4.45
2025-11-15 00:02:21,optaA,6.0,135.0,4057.0,42.75,72.17,2.08,240.0,-4.45
2025-11-15 00:02:22,optaA,7.0,139.0,4057.0,42.75,72.17,2.08,240.0,-4.45
2025-11-15 00:02:23,optaA,5.0,138.0,4053.0,42.75,72.17,2.08,240.0,-4.45
2025-11-15 00:02:24,optaA,5.0,143.0,4063.0,42.75,72.17,2.07,239.0,-4.45
2025-11-15 00:02:25,optaA,6.0,144.0,4058.0,42.75,72.17,2.07,239.0,-4.45
2025-11-15 00:02:26,optaA,8.0,138.0,4064.0,42.75,72.17,2.07,239.0,-4.45
2025-11-15 00:02:27,optaA,4.0,142.0,4062.0,42.75,72.17,2.07,239.0,-4.44
2025-11-15 00:02:28,optaA,8.0,146.0,4056.0,42.75,72.17,2.02,236.0,-4.45
2025-11-15 00:02:29,optaA,3.0,141.0,4055.0,42.75,72.17,2.02,236.0,-4.45
2025-11-15 00:02:30,optaA,7.0,138.0,4053.0,42.75,72.17,2.02,236.0,-4.45
2025-11-15 00:02:31,optaA,7.0,145.0,4058.0,42.75,72.17,2.01,235.0,-4.46
2025-11-15 00:02:32,optaA,7.0,141.0,4057.0,42.75,72.17,2.01,235.0,-4.45
2025-11-15 00:02:33,optaA,4.0,143.0,4058.0,42.75,72.17,2.01,235.0,-4.45
2025-11-15 00:02:34,optaA,6.0,142.0,4058.0,42.75,72.18,2.02,235.0,-4.45
2025-11-15 00:02:35,optaA,4.0,142.0,4058.0,42.75,72.18,2.02,235.0,-4.45
2025-11-15 00:02:36,optaA,7.0,140.0,4053.0,42.75,72.18,2.02,235.0,-4.45
2025-11-15 00:02:37,optaA,8.0,144.0,4064.0,42.75,72.18,2.05,237.0,-4.47
2025-11-15 00:02:38,optaA,4.0,140.0,4055.0,42.75,72.18,2.05,237.0,-4.45
2025-11-15 00:02:39,optaA,6.0,139.0,4058.0,42.75,72.18,2.05,237.0,-4.45
2025-11-15 00:02:40,optaA,8.0,137.0,4051.0,42.75,72.18,2.04,237.0,-4.46
2025-11-15 00:02:41,optaA,7.0,144.0,4054.0,42.75,72.18,2.04,237.0,-4.46
2025-11-15 00:02:42,optaA,2.0,143.0,4062.0,42.75,72.18,2.04,237.0,-4.44
2025-11-15 00:02:43,optaA,4.0,143.0,4057.0,42.75,72.18,2.04,237.0,-4.45
2025-11-15 00:02:44,optaA,6.0,141.0,4059.0,42.75,72.18,2.04,237.0,-4.44
2025-11-15 00:02:45,optaA,4.0,143.0,4057.0,42.75,72.18,2.04,237.0,-4.44
2025-11-15 00:02:46,optaA,5.0,140.0,4056.0,42.75,72.18,2.04,237.0,-4.44
2025-11-15 00:02:47,optaA,6.0,142.0,4054.0,42.75,72.18,2.06,238.0,-4.45
2025-11-15 00:02:48,optaA,6.0,143.0,4061.0,42.75,72.18,2.06,238.0,-4.45
2025-11-15 00:02:49,optaA,7.0,140.0,4058.0,42.75,72.18,2.06,238.0,-4.45
2025-11-15 00:02:50,optaA,2.0,143.0,4059.0,42.75,72.18,2.04,237.0,-4.45
2025-11-15 00:02:51,optaA,6.0,142.0,4056.0,42.75,72.18,2.04,237.0,-4.45
2025-11-15 00:02:52,optaA,5.0,140.0,4061.0,42.75,72.18,2.04,237.0,-4.45
2025-11-15 00:02:53,optaA,6.0,141.0,4060.0,42.75,72.18,2.0,234.0,-4.45
2025-11-15 00:02:54,optaA,6.0,142.0,4059.0,42.75,72.18,2.0,234.0,-4.45
2025-11-15 00:02:55,optaA,5.0,144.0,4058.0,42.75,72.18,2.0,234.0,-4.45
2025-11-15 00:02:56,optaA,5.0,137.0,4064.0,42.75,72.18,2.01,234.0,-4.45
2025-11-15 00:02:57,optaA,8.0,142.0,4059.0,42.75,72.18,2.01,234.0,-4.46
2025-11-15 00:02:58,optaA,5.0,144.0,4062.0,42.75,72.18,2.01,234.0,-4.45
2025-11-15 00:02:59,optaA,5.0,139.0,4052.0,42.75,72.18,1.99,233.0,-4.45
2025-11-15 00:03:00,optaA,5.0,140.0,4054.0,42.75,72.18,1.99,233.0,-4.44
2025-11-15 00:03:01,optaA,9.0,147.0,4056.0,42.75,72.18,1.99,233.0,-4.46
2025-11-15 00:03:02,optaA,7.0,137.0,4055.0,42.75,72.18,2.01,235.0,-4.45
2025-11-15 00:03:03,optaA,6.0,137.0,4056.0,42.75,72.18,2.01,235.0,-4.45
2025-11-15 00:03:04,optaA,5.0,141.0,4057.0,42.75,72.18,2.01,235.0,-4.45
2025-11-15 00:03:05,optaA,6.0,140.0,4051.0,42.75,72.18,2.04,237.0,-4.44
2025-11-15 00:03:06,optaA,9.0,138.0,4059.0,42.75,72.18,2.04,237.0,-4.45
2025-11-15 00:03:07,optaA,4.0,137.0,4057.0,42.75,72.18,2.04,237.0,-4.44
2025-11-15 00:03:08,optaA,5.0,139.0,4059.0,42.75,72.18,2.04,237.0,-4.45
2025-11-15 00:03:09,optaA,7.0,142.0,4055.0,42.75,72.18,2.01,235.0,-4.45
2025-11-15 00:03:10,optaA,11.0,139.0,4060.0,42.75,72.18,2.01,235.0,-4.47
2025-11-15 00:03:11,optaA,6.0,142.0,4062.0,42.75,72.18,2.01,235.0,-4.45
2025-11-15 00:03:12,optaA,5.0,140.0,4058.0,42.75,72.18,1.99,234.0,-4.45
2025-11-15 00:03:13,optaA,4.0,140.0,4056.0,42.75,72.18,1.99,234.0,-4.45
2025-11-15 00:03:14,optaA,9.0,139.0,4056.0,42.75,72.18,1.99,234.0,-4.46
2025-11-15 00:03:15,optaA,6.0,139.0,4057.0,42.75,72.18,1.99,233.0,-4.45
2025-11-15 00:03:16,optaA,6.0,139.0,4059.0,42.75,72.18,1.99,233.0,-4.46
2025-11-15 00:03:17,optaA,6.0,140.0,4057.0,42.75,72.18,1.99,233.0,-4.45
2025-11-15 00:03:18,optaA,4.0,142.0,4061.0,42.75,72.18,2.04,237.0,-4.45
2025-11-15 00:03:19,optaA,5.0,142.0,4053.0,42.75,72.18,2.04,237.0,-4.45
2025-11-15 00:03:20,optaA,5.0,142.0,4057.0,42.75,72.18,2.04,237.0,-4.45
2025-11-15 00:03:21,optaA,4.0,137.0,4059.0,42.75,72.18,2.04,237.0,-4.45
2025-11-15 00:03:22,optaA,6.0,142.0,4061.0,42.75,72.18,2.04,237.0,-4.45
2025-11-15 00:03:23,optaA,5.0,135.0,4050.0,42.75,72.18,2.04,237.0,-4.45
2025-11-15 00:03:24,optaA,9.0,140.0,4058.0,42.75,72.18,2.01,235.0,-4.45
2025-11-15 00:03:25,optaA,9.0,139.0,4058.0,42.75,72.18,2.01,235.0,-4.46
2025-11-15 00:03:26,optaA,5.0,143.0,4061.0,42.75,72.18,2.01,235.0,-4.45
2025-11-15 00:03:27,optaA,6.0,139.0,4062.0,42.75,72.18,2.01,235.0,-4.45
2025-11-15 00:03:28,optaA,6.0,143.0,4059.0,42.75,72.18,2.04,237.0,-4.45
2025-11-15 00:03:29,optaA,6.0,143.0,4055.0,42.75,72.18,2.04,237.0,-4.45
2025-11-15 00:03:30,optaA,5.0,140.0,4057.0,42.75,72.18,2.04,237.0,-4.44
2025-11-15 00:03:31,optaA,7.0,140.0,4060.0,42.75,72.18,2.06,238.0,-4.45
2025-11-15 00:03:32,optaA,5.0,140.0,4060.0,42.75,72.18,2.06,238.0,-4.45
2025-11-15 00:03:33,optaA,5.0,140.0,4059.0,42.75,72.18,2.06,238.0,-4.45
2025-11-15 00:03:34,optaA,5.0,141.0,4060.0,42.75,72.18,2.08,240.0,-4.45
2025-11-15 00:03:35,optaA,6.0,140.0,4057.0,42.75,72.18,2.08,240.0,-4.46
2025-11-15 00:03:36,optaA,5.0,141.0,4060.0,42.75,72.18,2.08,240.0,-4.45
2025-11-15 00:03:37,optaA,7.0,138.0,4058.0,42.75,72.18,2.07,239.0,-4.46
2025-11-15 00:03:38,optaA,6.0,142.0,4059.0,42.75,72.18,2.07,239.0,-4.45
2025-11-15 00:03:39,optaA,7.0,141.0,4058.0,42.75,72.18,2.07,239.0,-4.46
2025-11-15 00:03:40,optaA,5.0,143.0,4058.0,42.75,72.18,2.04,237.0,-4.45
2025-11-15 00:03:41,optaA,8.0,143.0,4062.0,42.75,72.18,2.04,237.0,-4.45
2025-11-15 00:03:42,optaA,5.0,144.0,4057.0,42.75,72.18,2.04,237.0,-4.45
2025-11-15 00:03:43,optaA,4.0,142.0,4062.0,42.76,72.15,2.05,238.0,-4.44
2025-11-15 00:03:44,optaA,1.0,141.0,4060.0,42.76,72.15,2.05,238.0,-4.43
2025-11-15 00:03:45,optaA,4.0,139.0,4061.0,42.76,72.15,2.05,238.0,-4.45
2025-11-15 00:03:46,optaA,10.0,140.0,4058.0,42.76,72.16,2.04,237.0,-4.47
2025-11-15 00:03:47,optaA,6.0,142.0,4059.0,42.76,72.16,2.04,237.0,-4.45
2025-11-15 00:03:48,optaA,6.0,143.0,4059.0,42.76,72.16,2.04,237.0,-4.45
2025-11-15 00:03:49,optaA,3.0,137.0,4055.0,42.76,72.16,2.04,237.0,-4.44
2025-11-15 00:03:50,optaA,7.0,139.0,4056.0,42.75,72.18,2.05,238.0,-4.45
2025-11-15 00:03:51,optaA,7.0,142.0,4066.0,42.75,72.18,2.05,238.0,-4.46
2025-11-15 00:03:52,optaA,6.0,140.0,4059.0,42.75,72.18,2.05,238.0,-4.45
2025-11-15 00:03:53,optaA,5.0,145.0,4055.0,42.75,72.18,2.04,237.0,-4.45
2025-11-15 00:03:54,optaA,3.0,137.0,4058.0,42.75,72.18,2.04,237.0,-4.44
2025-11-15 00:03:55,optaA,5.0,135.0,4060.0,42.75,72.18,2.04,237.0,-4.44
2025-11-15 00:03:56,optaA,6.0,142.0,4057.0,42.75,72.18,2.05,238.0,-4.45
2025-11-15 00:03:57,optaA,3.0,141.0,4053.0,42.75,72.18,2.05,238.0,-4.45
2025-11-15 00:03:58,optaA,7.0,145.0,4057.0,42.75,72.18,2.05,238.0,-4.45
2025-11-15 00:03:59,optaA,2.0,143.0,4060.0,42.75,72.18,2.02,235.0,-4.44
2025-11-15 00:04:01,optaA,6.0,139.0,4057.0,42.75,72.18,2.02,235.0,-4.45
2025-11-15 00:04:02,optaA,6.0,141.0,4056.0,42.75,72.18,2.02,235.0,-4.45
2025-11-15 00:04:02,optaA,8.0,142.0,4060.0,42.75,72.18,2.01,235.0,-4.45
2025-11-15 00:04:03,optaA,5.0,139.0,4060.0,42.75,72.18,2.01,235.0,-4.45
2025-11-15 00:04:04,optaA,5.0,144.0,4060.0,42.75,72.18,2.01,235.0,-4.44
2025-11-15 00:04:06,optaA,7.0,143.0,4060.0,42.75,72.18,1.97,233.0,-4.45
2025-11-15 00:04:07,optaA,5.0,142.0,4055.0,42.75,72.18,1.97,233.0,-4.45
2025-11-15 00:04:07,optaA,7.0,141.0,4057.0,42.75,72.18,1.97,233.0,-4.45
2025-11-15 00:04:09,optaA,5.0,139.0,4059.0,42.75,72.18,1.97,233.0,-4.45
2025-11-15 00:04:10,optaA,5.0,142.0,4063.0,42.75,72.18,1.96,232.0,-4.45
2025-11-15 00:04:11,optaA,5.0,143.0,4061.0,42.75,72.18,1.96,232.0,-4.46
2025-11-15 00:04:12,optaA,5.0,141.0,4055.0,42.75,72.18,1.96,232.0,-4.45
2025-11-15 00:04:13,optaA,5.0,142.0,4060.0,42.75,72.18,2.03,237.0,-4.44
2025-11-15 00:04:14,optaA,7.0,143.0,4059.0,42.75,72.18,2.03,237.0,-4.46
2025-11-15 00:04:15,optaA,5.0,144.0,4057.0,42.75,72.18,2.03,237.0,-4.44
2025-11-15 00:04:16,optaA,3.0,139.0,4057.0,42.75,72.18,2.05,238.0,-4.45
2025-11-15 00:04:17,optaA,5.0,143.0,4057.0,42.75,72.18,2.05,238.0,-4.45
2025-11-15 00:04:18,optaA,7.0,144.0,4056.0,42.75,72.18,2.05,238.0,-4.45
2025-11-15 00:04:19,optaA,6.0,146.0,4064.0,42.76,72.15,2.06,238.0,-4.46
2025-11-15 00:04:20,optaA,5.0,141.0,4056.0,42.76,72.15,2.06,238.0,-4.44
2025-11-15 00:04:21,optaA,6.0,138.0,4057.0,42.76,72.15,2.06,238.0,-4.45
2025-11-15 00:04:22,optaA,3.0,139.0,4058.0,42.76,72.16,2.02,236.0,-4.44
2025-11-15 00:04:23,optaA,6.0,143.0,4061.0,42.76,72.16,2.02,236.0,-4.46
2025-11-15 00:04:24,optaA,6.0,141.0,4058.0,42.76,72.16,2.02,236.0,-4.45
2025-11-15 00:04:25,optaA,4.0,146.0,4062.0,42.75,72.19,2.04,237.0,-4.45
2025-11-15 00:04:26,optaA,8.0,139.0,4060.0,42.75,72.19,2.04,237.0,-4.46
2025-11-15 00:04:27,optaA,7.0,141.0,4058.0,42.75,72.19,2.04,237.0,-4.45
2025-11-15 00:04:28,optaA,5.0,140.0,4058.0,42.75,72.18,2.06,238.0,-4.45
2025-11-15 00:04:29,optaA,3.0,138.0,4061.0,42.75,72.18,2.06,238.0,-4.44
2025-11-15 00:04:30,optaA,7.0,142.0,4056.0,42.75,72.18,2.06,238.0,-4.46
2025-11-15 00:04:31,optaA,5.0,139.0,4059.0,42.75,72.18,2.06,238.0,-4.44
2025-11-15 00:04:32,optaA,8.0,140.0,4057.0,42.76,72.16,2.04,237.0,-4.45
2025-11-15 00:04:33,optaA,5.0,142.0,4052.0,42.76,72.16,2.04,237.0,-4.45
2025-11-15 00:04:34,optaA,8.0,141.0,4056.0,42.76,72.16,2.04,237.0,-4.46
2025-11-15 00:04:35,optaA,5.0,142.0,4061.0,42.75,72.19,2.03,236.0,-4.45
2025-11-15 00:04:36,optaA,6.0,142.0,4055.0,42.75,72.19,2.03,236.0,-4.45
2025-11-15 00:04:37,optaA,8.0,143.0,4058.0,42.75,72.19,2.03,236.0,-4.46
2025-11-15 00:04:38,optaA,5.0,139.0,4059.0,42.76,72.16,2.04,237.0,-4.45
2025-11-15 00:04:39,optaA,4.0,140.0,4057.0,42.76,72.16,2.04,237.0,-4.44
2025-11-15 00:04:40,optaA,3.0,146.0,4059.0,42.76,72.16,2.04,237.0,-4.44
2025-11-15 00:04:41,optaA,3.0,139.0,4060.0,42.75,72.19,2.06,238.0,-4.44
2025-11-15 00:04:42,optaA,7.0,137.0,4061.0,42.75,72.19,2.06,238.0,-4.45
2025-11-15 00:04:43,optaA,4.0,141.0,4059.0,42.75,72.19,2.06,238.0,-4.45
2025-11-15 00:04:44,optaA,5.0,139.0,4056.0,42.75,72.18,2.01,235.0,-4.45
2025-11-15 00:04:45,optaA,4.0,142.0,4054.0,42.75,72.18,2.01,235.0,-4.44
2025-11-15 00:04:46,optaA,6.0,146.0,4058.0,42.75,72.18,2.01,235.0,-4.45
2025-11-15 00:04:47,optaA,3.0,141.0,4061.0,42.75,72.18,2.02,236.0,-4.44
2025-11-15 00:04:48,optaA,5.0,139.0,4058.0,42.75,72.18,2.02,236.0,-4.45
2025-11-15 00:04:49,optaA,8.0,141.0,4058.0,42.75,72.18,2.02,236.0,-4.45
2025-11-15 00:04:50,optaA,7.0,138.0,4057.0,42.75,72.18,2.02,236.0,-4.45
2025-11-15 00:04:51,optaA,4.0,138.0,4058.0,42.76,72.16,2.02,235.0,-4.45
2025-11-15 00:04:52,optaA,4.0,141.0,4058.0,42.76,72.16,2.02,235.0,-4.45
2025-11-15 00:04:53,optaA,3.0,142.0,4053.0,42.76,72.16,2.02,235.0,-4.44
2025-11-15 00:04:54,optaA,9.0,140.0,4061.0,42.75,72.19,2.03,237.0,-4.45
2025-11-15 00:04:55,optaA,9.0,141.0,4059.0,42.75,72.19,2.03,237.0,-4.44
2025-11-15 00:04:56,optaA,7.0,142.0,4060.0,42.75,72.19,2.03,237.0,-4.46
2025-11-15 00:04:57,optaA,6.0,137.0,4064.0,42.75,72.18,2.0,234.0,-4.45
2025-11-15 00:04:58,optaA,6.0,139.0,4065.0,42.75,72.18,2.0,234.0,-4.45
2025-11-15 00:04:59,optaA,6.0,143.0,4058.0,42.75,72.18,2.0,234.0,-4.45
2025-11-15 00:05:00,optaA,7.0,144.0,4060.0,42.75,72.18,2.01,235.0,-4.45
2025-11-15 00:05:01,optaA,7.0,140.0,4061.0,42.75,72.18,2.01,235.0,-4.45
2025-11-15 00:05:02,optaA,8.0,141.0,4057.0,42.75,72.18,2.01,235.0,-4.46
2025-11-15 00:05:03,optaA,7.0,141.0,4056.0,42.75,72.18,2.01,235.0,-4.45
2025-11-15 00:05:04,optaA,7.0,144.0,4062.0,42.75,72.18,2.01,235.0,-4.45
2025-11-15 00:05:05,optaA,5.0,141.0,4055.0,42.75,72.18,2.01,235.0,-4.46
2025-11-15 00:05:06,optaA,9.0,144.0,4057.0,42.75,72.18,2.02,236.0,-4.46
2025-11-15 00:05:07,optaA,5.0,140.0,4060.0,42.75,72.18,2.02,236.0,-4.45
2025-11-15 00:05:08,optaA,5.0,138.0,4057.0,42.75,72.18,2.02,236.0,-4.45
2025-11-15 00:05:09,optaA,5.0,143.0,4055.0,42.75,72.18,2.04,237.0,-4.44
2025-11-15 00:05:10,optaA,4.0,142.0,4054.0,42.75,72.18,2.04,237.0,-4.45
2025-11-15 00:05:11,optaA,9.0,143.0,4053.0,42.75,72.18,2.04,237.0,-4.46
2025-11-15 00:05:12,optaA,8.0,143.0,4057.0,42.75,72.18,2.04,237.0,-4.45
2025-11-15 00:05:13,optaA,9.0,143.0,4057.0,42.75,72.18,2.03,237.0,-4.45
2025-11-15 00:05:14,optaA,5.0,140.0,4061.0,42.75,72.18,2.03,237.0,-4.45
2025-11-15 00:05:15,optaA,6.0,140.0,4056.0,42.75,72.18,2.03,237.0,-4.46
2025-11-15 00:05:16,optaA,8.0,141.0,4056.0,42.75,72.18,2.04,237.0,-4.47
2025-11-15 00:05:17,optaA,5.0,139.0,4057.0,42.75,72.18,2.04,237.0,-4.45
2025-11-15 00:05:18,optaA,4.0,144.0,4061.0,42.75,72.18,2.04,237.0,-4.44
2025-11-15 00:05:19,optaA,6.0,142.0,4054.0,42.75,72.18,2.04,237.0,-4.45
2025-11-15 00:05:20,optaA,4.0,142.0,4060.0,42.75,72.18,2.04,237.0,-4.45
2025-11-15 00:05:21,optaA,4.0,138.0,4057.0,42.75,72.18,2.04,237.0,-4.45
2025-11-15 00:05:22,optaA,6.0,146.0,4062.0,42.75,72.18,2.03,236.0,-4.46
2025-11-15 00:05:23,optaA,3.0,143.0,4058.0,42.75,72.18,2.03,236.0,-4.44
2025-11-15 00:05:24,optaA,6.0,142.0,4056.0,42.75,72.18,2.03,236.0,-4.45
2025-11-15 00:05:25,optaA,6.0,138.0,4057.0,42.75,72.18,2.02,235.0,-4.45
2025-11-15 00:05:26,optaA,6.0,140.0,4060.0,42.75,72.18,2.02,235.0,-4.45
2025-11-15 00:05:27,optaA,5.0,142.0,4059.0,42.75,72.18,2.02,235.0,-4.45
2025-11-15 00:05:28,optaA,6.0,145.0,4056.0,42.75,72.18,2.02,236.0,-4.45
2025-11-15 00:05:29,optaA,8.0,142.0,4058.0,42.75,72.18,2.02,236.0,-4.45
2025-11-15 00:05:30,optaA,2.0,142.0,4055.0,42.75,72.18,2.02,236.0,-4.44
2025-11-15 00:05:31,optaA,8.0,143.0,4061.0,42.75,72.18,2.02,236.0,-4.46
2025-11-15 00:05:32,optaA,6.0,140.0,4057.0,42.75,72.18,2.05,238.0,-4.45
2025-11-15 00:05:33,optaA,4.0,141.0,4055.0,42.75,72.18,2.05,238.0,-4.45
2025-11-15 00:05:34,optaA,8.0,141.0,4057.0,42.75,72.18,2.05,238.0,-4.46
2025-11-15 00:05:35,optaA,4.0,138.0,4059.0,42.75,72.18,2.02,236.0,-4.45
2025-11-15 00:05:36,optaA,8.0,140.0,4055.0,42.75,72.18,2.02,236.0,-4.45
2025-11-15 00:05:37,optaA,4.0,141.0,4057.0,42.75,72.18,2.02,236.0,-4.44
2025-11-15 00:05:38,optaA,5.0,140.0,4063.0,42.75,72.18,2.05,238.0,-4.45
2025-11-15 00:05:39,optaA,7.0,138.0,4056.0,42.75,72.18,2.05,238.0,-4.45
2025-11-15 00:05:40,optaA,4.0,139.0,4056.0,42.75,72.18,2.05,238.0,-4.44
2025-11-15 00:05:41,optaA,9.0,144.0,4058.0,42.75,72.18,2.01,235.0,-4.46
2025-11-15 00:05:42,optaA,4.0,143.0,4057.0,42.75,72.18,2.01,235.0,-4.44
2025-11-15 00:05:43,optaA,5.0,141.0,4059.0,42.75,72.18,2.01,235.0,-4.45
2025-11-15 00:05:44,optaA,5.0,147.0,4061.0,42.75,72.18,2.02,236.0,-4.45
2025-11-15 00:05:45,optaA,4.0,140.0,4056.0,42.75,72.18,2.02,236.0,-4.44
2025-11-15 00:05:46,optaA,4.0,144.0,4056.0,42.75,72.18,2.02,236.0,-4.45
2025-11-15 00:05:47,optaA,8.0,141.0,4060.0,42.75,72.18,2.02,236.0,-4.46
2025-11-15 00:05:48,optaA,6.0,145.0,4059.0,42.75,72.18,2.02,236.0,-4.45
2025-11-15 00:05:49,optaA,6.0,144.0,4057.0,42.75,72.18,2.02,236.0,-4.45
2025-11-15 00:05:50,optaA,8.0,140.0,4056.0,42.75,72.18,2.01,235.0,-4.45
2025-11-15 00:05:51,optaA,4.0,139.0,4058.0,42.75,72.18,2.01,235.0,-4.45
2025-11-15 00:05:52,optaA,2.0,142.0,4060.0,42.75,72.18,2.01,235.0,-4.44
2025-11-15 00:05:53,optaA,3.0,144.0,4058.0,42.75,72.18,2.01,235.0,-4.45
2025-11-15 00:05:54,optaA,5.0,140.0,4060.0,42.75,72.18,1.99,234.0,-4.45
2025-11-15 00:05:55,optaA,4.0,139.0,4058.0,42.75,72.18,1.99,234.0,-4.44
2025-11-15 00:05:56,optaA,5.0,142.0,4060.0,42.75,72.18,1.99,234.0,-4.45
2025-11-15 00:05:57,optaA,7.0,141.0,4064.0,42.75,72.18,2.0,234.0,-4.45
2025-11-15 00:05:58,optaA,6.0,137.0,4062.0,42.75,72.18,2.0,234.0,-4.45
2025-11-15 00:05:59,optaA,4.0,137.0,4059.0,42.75,72.18,2.0,234.0,-4.45
2025-11-15 00:06:00,optaA,6.0,140.0,4061.0,42.75,72.18,2.03,237.0,-4.45
2025-11-15 00:06:01,optaA,5.0,141.0,4057.0,42.75,72.18,2.03,237.0,-4.45
2025-11-15 00:06:02,optaA,6.0,140.0,4056.0,42.75,72.18,2.03,237.0,-4.45
2025-11-15 00:06:03,optaA,5.0,142.0,4057.0,42.75,72.18,2.01,235.0,-4.45
2025-11-15 00:06:04,optaA,5.0,138.0,4062.0,42.75,72.18,2.01,235.0,-4.45
2025-11-15 00:06:05,optaA,8.0,140.0,4054.0,42.75,72.18,2.01,235.0,-4.46
2025-11-15 00:06:06,optaA,8.0,136.0,4058.0,42.75,72.18,2.02,236.0,-4.45
2025-11-15 00:06:07,optaA,7.0,140.0,4058.0,42.75,72.18,2.02,236.0,-4.46
2025-11-15 00:06:08,optaA,5.0,142.0,4061.0,42.75,72.18,2.02,236.0,-4.44
2025-11-15 00:06:09,optaA,7.0,138.0,4056.0,42.76,72.15,2.02,236.0,-4.45
2025-11-15 00:06:10,optaA,5.0,144.0,4057.0,42.76,72.15,2.02,236.0,-4.45
2025-11-15 00:06:11,optaA,4.0,138.0,4055.0,42.76,72.15,2.02,236.0,-4.45
2025-11-15 00:06:12,optaA,6.0,140.0,4057.0,42.76,72.15,2.02,236.0,-4.45
2025-11-15 00:06:13,optaA,6.0,139.0,4059.0,42.75,72.18,2.01,235.0,-4.46
2025-11-15 00:06:14,optaA,7.0,142.0,4059.0,42.75,72.18,2.01,235.0,-4.45
2025-11-15 00:06:15,optaA,4.0,141.0,4057.0,42.75,72.18,2.01,235.0,-4.45
2025-11-15 00:06:16,optaA,6.0,139.0,4061.0,42.75,72.18,2.04,237.0,-4.45
2025-11-15 00:06:17,optaA,7.0,143.0,4058.0,42.75,72.18,2.04,237.0,-4.46
2025-11-15 00:06:18,optaA,6.0,140.0,4063.0,42.75,72.18,2.04,237.0,-4.44
2025-11-15 00:06:19,optaA,6.0,143.0,4063.0,42.75,72.18,2.06,239.0,-4.44
2025-11-15 00:06:20,optaA,6.0,143.0,4055.0,42.75,72.18,2.06,239.0,-4.45
2025-11-15 00:06:21,optaA,6.0,143.0,4059.0,42.75,72.18,2.06,239.0,-4.45
2025-11-15 00:06:22,optaA,7.0,144.0,4060.0,42.75,72.18,2.02,236.0,-4.45
2025-11-15 00:06:23,optaA,8.0,137.0,4062.0,42.75,72.18,2.02,236.0,-4.45
2025-11-15 00:06:24,optaA,8.0,143.0,4059.0,42.75,72.18,2.02,236.0,-4.46
2025-11-15 00:06:25,optaA,8.0,138.0,4054.0,42.75,72.18,1.99,233.0,-4.45
2025-11-15 00:06:26,optaA,7.0,143.0,4061.0,42.75,72.18,1.99,233.0,-4.45
2025-11-15 00:06:27,optaA,8.0,141.0,4057.0,42.75,72.18,1.99,233.0,-4.45
2025-11-15 00:06:28,optaA,4.0,142.0,4061.0,42.75,72.18,2.0,234.0,-4.44
2025-11-15 00:06:29,optaA,6.0,143.0,4060.0,42.75,72.18,2.0,234.0,-4.45
2025-11-15 00:06:30,optaA,4.0,143.0,4058.0,42.75,72.18,2.0,234.0,-4.44
2025-11-15 00:06:31,optaA,8.0,140.0,4064.0,42.75,72.18,1.96,232.0,-4.45
2025-11-15 00:06:32,optaA,7.0,142.0,4056.0,42.75,72.18,1.96,232.0,-4.46
2025-11-15 00:06:33,optaA,5.0,142.0,4059.0,42.75,72.18,1.96,232.0,-4.45
2025-11-15 00:06:34,optaA,3.0,141.0,4060.0,42.75,72.18,1.96,232.0,-4.45
2025-11-15 00:06:35,optaA,8.0,145.0,4060.0,42.75,72.18,2.0,235.0,-4.46
2025-11-15 00:06:36,optaA,6.0,144.0,4059.0,42.75,72.18,2.0,235.0,-4.45
2025-11-15 00:06:37,optaA,5.0,140.0,4057.0,42.75,72.18,2.0,235.0,-4.45
2025-11-15 00:06:38,optaA,7.0,143.0,4060.0,42.75,72.18,2.0,234.0,-4.45
2025-11-15 00:06:39,optaA,8.0,141.0,4052.0,42.75,72.18,2.0,234.0,-4.45
2025-11-15 00:06:40,optaA,6.0,142.0,4054.0,42.75,72.18,2.0,234.0,-4.45
2025-11-15 00:06:41,optaA,3.0,142.0,4055.0,42.75,72.18,2.04,237.0,-4.44
2025-11-15 00:06:42,optaA,6.0,144.0,4058.0,42.75,72.18,2.04,237.0,-4.45
2025-11-15 00:06:43,optaA,4.0,139.0,4061.0,42.75,72.18,2.04,237.0,-4.44
2025-11-15 00:06:45,optaA,6.0,139.0,4054.0,42.75,72.18,2.06,239.0,-4.45
2025-11-15 00:06:45,optaA,7.0,143.0,4058.0,42.75,72.18,2.06,239.0,-4.45
2025-11-15 00:06:46,optaA,7.0,143.0,4052.0,42.75,72.18,2.06,239.0,-4.45
2025-11-15 00:06:48,optaA,7.0,137.0,4056.0,42.75,72.18,2.07,239.0,-4.46
2025-11-15 00:06:48,optaA,5.0,142.0,4060.0,42.75,72.18,2.07,239.0,-4.45
2025-11-15 00:06:50,optaA,6.0,144.0,4055.0,42.75,72.18,2.07,239.0,-4.45
2025-11-15 00:06:51,optaA,6.0,144.0,4057.0,42.75,72.2,2.04,238.0,-4.46
2025-11-15 00:06:52,optaA,6.0,138.0,4056.0,42.75,72.2,2.04,238.0,-4.44
2025-11-15 00:06:53,optaA,6.0,141.0,4058.0,42.75,72.2,2.04,238.0,-4.44
2025-11-15 00:06:54,optaA,5.0,138.0,4060.0,42.75,72.2,2.04,238.0,-4.45
2025-11-15 00:06:55,optaA,6.0,141.0,4058.0,42.75,72.17,2.05,238.0,-4.45
2025-11-15 00:06:56,optaA,6.0,140.0,4059.0,42.75,72.17,2.05,238.0,-4.45
2025-11-15 00:06:57,optaA,6.0,143.0,4060.0,42.75,72.17,2.05,238.0,-4.45
2025-11-15 00:06:58,optaA,5.0,142.0,4053.0,42.75,72.17,2.05,238.0,-4.45
2025-11-15 00:06:59,optaA,8.0,139.0,4052.0,42.75,72.17,2.05,238.0,-4.46
2025-11-15 00:07:00,optaA,4.0,140.0,4056.0,42.75,72.17,2.05,238.0,-4.45
2025-11-15 00:07:01,optaA,10.0,141.0,4056.0,42.75,72.17,2.02,236.0,-4.46
2025-11-15 00:07:02,optaA,6.0,144.0,4060.0,42.75,72.17,2.02,236.0,-4.46
2025-11-15 00:07:03,optaA,5.0,144.0,4062.0,42.75,72.17,2.02,236.0,-4.45
2025-11-15 00:07:04,optaA,3.0,143.0,4057.0,42.75,72.17,2.02,236.0,-4.44
2025-11-15 00:07:05,optaA,5.0,140.0,4061.0,42.75,72.17,2.02,236.0,-4.45
2025-11-15 00:07:06,optaA,4.0,140.0,4057.0,42.75,72.17,2.02,236.0,-4.45
2025-11-15 00:07:07,optaA,6.0,137.0,4062.0,42.75,72.17,2.04,238.0,-4.46
2025-11-15 00:07:08,optaA,4.0,143.0,4056.0,42.75,72.17,2.04,238.0,-4.45
2025-11-15 00:07:09,optaA,8.0,140.0,4058.0,42.75,72.17,2.04,238.0,-4.46
2025-11-15 00:07:10,optaA,6.0,138.0,4060.0,42.75,72.17,2.01,235.0,-4.46
2025-11-15 00:07:11,optaA,4.0,143.0,4055.0,42.75,72.17,2.01,235.0,-4.45
2025-11-15 00:07:12,optaA,8.0,140.0,4059.0,42.75,72.17,2.01,235.0,-4.46
2025-11-15 00:07:13,optaA,8.0,136.0,4059.0,42.75,72.17,2.03,237.0,-4.45
2025-11-15 00:07:14,optaA,6.0,144.0,4060.0,42.75,72.17,2.03,237.0,-4.45
2025-11-15 00:07:15,optaA,8.0,141.0,4055.0,42.75,72.17,2.03,237.0,-4.45
2025-11-15 00:07:16,optaA,4.0,144.0,4057.0,42.75,72.17,2.03,237.0,-4.45
2025-11-15 00:07:17,optaA,5.0,138.0,4057.0,42.75,72.18,2.05,238.0,-4.45
2025-11-15 00:07:18,optaA,5.0,141.0,4057.0,42.75,72.18,2.05,238.0,-4.44
2025-11-15 00:07:19,optaA,6.0,141.0,4057.0,42.75,72.18,2.05,238.0,-4.45
2025-11-15 00:07:20,optaA,7.0,144.0,4056.0,42.75,72.18,2.06,239.0,-4.45
2025-11-15 00:07:21,optaA,5.0,141.0,4055.0,42.75,72.18,2.06,239.0,-4.45
2025-11-15 00:07:22,optaA,7.0,138.0,4058.0,42.75,72.18,2.06,239.0,-4.45
2025-11-15 00:07:23,optaA,6.0,141.0,4061.0,42.75,72.18,2.08,240.0,-4.45
2025-11-15 00:07:24,optaA,3.0,138.0,4060.0,42.75,72.18,2.08,240.0,-4.44
2025-11-15 00:07:25,optaA,7.0,145.0,4058.0,42.75,72.18,2.08,240.0,-4.46
2025-11-15 00:07:26,optaA,6.0,142.0,4055.0,42.75,72.18,2.07,240.0,-4.45
2025-11-15 00:07:27,optaA,5.0,139.0,4058.0,42.75,72.18,2.07,240.0,-4.45
2025-11-15 00:07:28,optaA,4.0,141.0,4058.0,42.75,72.18,2.07,240.0,-4.44
2025-11-15 00:07:29,optaA,5.0,140.0,4061.0,42.75,72.18,2.07,240.0,-4.45
2025-11-15 00:07:30,optaA,2.0,138.0,4055.0,42.75,72.18,2.07,240.0,-4.45
2025-11-15 00:07:31,optaA,6.0,141.0,4057.0,42.75,72.18,2.07,240.0,-4.45
2025-11-15 00:07:32,optaA,5.0,139.0,4057.0,42.75,72.18,2.05,238.0,-4.45
2025-11-15 00:07:33,optaA,3.0,140.0,4056.0,42.75,72.18,2.05,238.0,-4.44
2025-11-15 00:07:34,optaA,6.0,139.0,4059.0,42.75,72.18,2.05,238.0,-4.45
2025-11-15 00:07:35,optaA,3.0,138.0,4060.0,42.75,72.18,2.05,238.0,-4.44
2025-11-15 00:07:36,optaA,6.0,143.0,4055.0,42.75,72.18,2.06,239.0,-4.45
2025-11-15 00:07:37,optaA,9.0,142.0,4058.0,42.75,72.18,2.06,239.0,-4.46
2025-11-15 00:07:38,optaA,6.0,139.0,4057.0,42.75,72.18,2.06,239.0,-4.45
2025-11-15 00:07:39,optaA,6.0,142.0,4057.0,42.75,72.18,2.08,241.0,-4.45
2025-11-15 00:07:40,optaA,9.0,140.0,4051.0,42.75,72.18,2.08,241.0,-4.45
2025-11-15 00:07:41,optaA,6.0,138.0,4055.0,42.75,72.18,2.08,241.0,-4.45
2025-11-15 00:07:42,optaA,4.0,140.0,4056.0,42.75,72.18,2.08,241.0,-4.44
2025-11-15 00:07:43,optaA,8.0,138.0,4058.0,42.75,72.18,2.08,241.0,-4.46
2025-11-15 00:07:44,optaA,4.0,140.0,4057.0,42.75,72.18,2.08,241.0,-4.44
2025-11-15 00:07:45,optaA,5.0,144.0,4058.0,42.75,72.18,2.08,240.0,-4.45
2025-11-15 00:07:46,optaA,6.0,141.0,4058.0,42.75,72.18,2.08,240.0,-4.45
2025-11-15 00:07:47,optaA,5.0,141.0,4058.0,42.75,72.18,2.08,240.0,-4.44
2025-11-15 00:07:48,optaA,6.0,142.0,4055.0,42.75,72.18,2.08,241.0,-4.46
2025-11-15 00:07:49,optaA,6.0,140.0,4058.0,42.75,72.18,2.08,241.0,-4.46
2025-11-15 00:07:50,optaA,10.0,140.0,4062.0,42.75,72.18,2.08,241.0,-4.46
2025-11-15 00:07:51,optaA,4.0,140.0,4057.0,42.75,72.18,2.07,240.0,-4.45
2025-11-15 00:07:52,optaA,8.0,142.0,4060.0,42.75,72.18,2.07,240.0,-4.45
2025-11-15 00:07:53,optaA,6.0,136.0,4055.0,42.75,72.18,2.07,240.0,-4.45
2025-11-15 00:07:54,optaA,7.0,144.0,4058.0,42.75,72.18,2.07,240.0,-4.45
2025-11-15 00:07:55,optaA,6.0,139.0,4059.0,42.75,72.18,2.07,240.0,-4.45
2025-11-15 00:07:56,optaA,5.0,144.0,4059.0,42.75,72.18,2.07,240.0,-4.45
2025-11-15 00:07:57,optaA,5.0,141.0,4053.0,42.75,72.18,2.07,240.0,-4.45
2025-11-15 00:07:58,optaA,7.0,141.0,4058.0,42.75,72.18,2.06,239.0,-4.46
2025-11-15 00:07:59,optaA,4.0,138.0,4056.0,42.75,72.18,2.06,239.0,-4.44
2025-11-15 00:08:00,optaA,8.0,141.0,4054.0,42.75,72.18,2.06,239.0,-4.46
2025-11-15 00:08:01,optaA,7.0,141.0,4057.0,42.75,72.18,2.03,237.0,-4.45
2025-11-15 00:08:02,optaA,4.0,141.0,4053.0,42.75,72.18,2.03,237.0,-4.45
2025-11-15 00:08:03,optaA,5.0,139.0,4062.0,42.75,72.18,2.03,237.0,-4.45
2025-11-15 00:08:04,optaA,7.0,139.0,4054.0,42.75,72.18,2.02,236.0,-4.45
2025-11-15 00:08:05,optaA,5.0,140.0,4054.0,42.75,72.18,2.02,236.0,-4.45
2025-11-15 00:08:06,optaA,4.0,140.0,4056.0,42.75,72.18,2.02,236.0,-4.44
2025-11-15 00:08:07,optaA,6.0,142.0,4057.0,42.75,72.18,1.99,234.0,-4.45
2025-11-15 00:08:08,optaA,9.0,136.0,4055.0,42.75,72.18,1.99,234.0,-4.46
2025-11-15 00:08:09,optaA,8.0,143.0,4062.0,42.75,72.18,1.99,234.0,-4.46
2025-11-15 00:08:10,optaA,4.0,138.0,4058.0,42.75,72.18,2.03,237.0,-4.44
2025-11-15 00:08:11,optaA,9.0,141.0,4061.0,42.75,72.18,2.03,237.0,-4.46
2025-11-15 00:08:12,optaA,6.0,141.0,4059.0,42.75,72.18,2.03,237.0,-4.45
2025-11-15 00:08:13,optaA,7.0,144.0,4061.0,42.75,72.18,2.0,235.0,-4.46
2025-11-15 00:08:14,optaA,5.0,134.0,4058.0,42.75,72.18,2.0,235.0,-4.45
2025-11-15 00:08:15,optaA,2.0,141.0,4059.0,42.75,72.18,2.0,235.0,-4.44
2025-11-15 00:08:16,optaA,5.0,139.0,4061.0,42.75,72.18,2.0,235.0,-4.44
2025-11-15 00:08:17,optaA,7.0,143.0,4056.0,42.75,72.18,2.02,236.0,-4.46
2025-11-15 00:08:18,optaA,6.0,141.0,4057.0,42.75,72.18,2.02,236.0,-4.46
2025-11-15 00:08:19,optaA,7.0,141.0,4058.0,42.75,72.18,2.02,236.0,-4.44
2025-11-15 00:08:20,optaA,8.0,139.0,4052.0,42.75,72.18,2.04,238.0,-4.46
2025-11-15 00:08:21,optaA,5.0,141.0,4058.0,42.75,72.18,2.04,238.0,-4.45
2025-11-15 00:08:22,optaA,4.0,139.0,4061.0,42.75,72.18,2.04,238.0,-4.45
2025-11-15 00:08:23,optaA,9.0,141.0,4058.0,42.75,72.18,2.04,238.0,-4.46
2025-11-15 00:08:24,optaA,8.0,139.0,4059.0,42.75,72.18,2.04,238.0,-4.46
2025-11-15 00:08:25,optaA,5.0,134.0,4055.0,42.75,72.18,2.04,238.0,-4.45
2025-11-15 00:08:26,optaA,3.0,142.0,4057.0,42.75,72.18,2.05,238.0,-4.45
2025-11-15 00:08:27,optaA,5.0,138.0,4055.0,42.75,72.18,2.05,238.0,-4.46
2025-11-15 00:08:28,optaA,7.0,141.0,4058.0,42.75,72.18,2.05,238.0,-4.45
2025-11-15 00:08:29,optaA,4.0,140.0,4062.0,42.75,72.2,2.02,236.0,-4.44
2025-11-15 00:08:30,optaA,9.0,143.0,4058.0,42.75,72.2,2.02,236.0,-4.47
2025-11-15 00:08:31,optaA,6.0,145.0,4058.0,42.75,72.2,2.02,236.0,-4.45
2025-11-15 00:08:32,optaA,3.0,136.0,4060.0,42.75,72.17,1.99,234.0,-4.44
2025-11-15 00:08:33,optaA,6.0,138.0,4061.0,42.75,72.17,1.99,234.0,-4.45
2025-11-15 00:08:34,optaA,4.0,140.0,4060.0,42.75,72.17,1.99,234.0,-4.45
2025-11-15 00:08:35,optaA,7.0,140.0,4056.0,42.75,72.17,2.0,235.0,-4.45
2025-11-15 00:08:36,optaA,6.0,139.0,4059.0,42.75,72.17,2.0,235.0,-4.45
2025-11-15 00:08:37,optaA,8.0,142.0,4058.0,42.75,72.17,2.0,235.0,-4.45
2025-11-15 00:08:38,optaA,4.0,143.0,4057.0,42.75,72.17,2.0,235.0,-4.44
2025-11-15 00:08:39,optaA,7.0,144.0,4056.0,42.75,72.17,1.99,234.0,-4.46
2025-11-15 00:08:40,optaA,5.0,140.0,4057.0,42.75,72.17,1.99,234.0,-4.45
2025-11-15 00:08:41,optaA,6.0,142.0,4057.0,42.75,72.17,1.99,234.0,-4.45
2025-11-15 00:08:42,optaA,4.0,142.0,4055.0,42.75,72.17,1.99,234.0,-4.45
2025-11-15 00:08:43,optaA,3.0,141.0,4055.0,42.75,72.17,1.99,234.0,-4.44
2025-11-15 00:08:44,optaA,7.0,139.0,4062.0,42.75,72.17,1.99,234.0,-4.46
2025-11-15 00:08:45,optaA,7.0,141.0,4059.0,42.75,72.17,1.97,233.0,-4.45
